scene,mode,method,sample_id,frame_index,altitude_m,view_angle_deg,yaw_deg,keypoints,matches,inliers,inlier_ratio,reproj_err_px,scale,tiles_searched,plausible,reject_code,error_m,sigma_m,latency_ms,detect_ms,match_ms,ransac_ms
Scene_09,satellite,sift,L09_0001,0,63.88,89.44,81.62,2855,1081,6,0.0056,0.0,11.8989,9,False,PLE-08,,,3264.4,387.7,2739.9,36.3
Scene_09,satellite,sift,L09_0002,1,70.66,89.41,82.04,3632,1267,6,0.0047,0.0,8.859,9,False,PLE-08,,,4248.2,480.0,3680.0,42.8
Scene_09,satellite,sift,L09_0003,2,78.25,89.4,82.44,4096,1380,7,0.0051,0.0,0.9426,9,False,PLE-08,,,5081.8,609.9,4402.8,42.0
Scene_09,satellite,sift,L09_0004,3,85.34,89.4,82.7,4096,1397,6,0.0043,0.0,0.4245,9,False,PLE-08,,,5309.7,728.0,4504.6,47.9
Scene_09,satellite,sift,L09_0005,4,91.23,89.42,83.0,4096,1389,6,0.0043,0.0,0.7844,9,False,PLE-08,,,5426.0,832.4,4486.1,44.8
Scene_09,satellite,sift,L09_0006,5,93.91,89.43,83.24,4096,1372,6,0.0044,0.0,1.0481,9,False,PLE-08,,,5008.1,872.1,4047.1,47.0
Scene_09,satellite,sift,L09_0007,6,93.52,87.17,143.04,4096,1341,6,0.0045,,3.7065,9,False,PLE-08,,,5239.0,1139.5,3971.4,47.9
Scene_09,satellite,sift,L09_0008,7,92.33,86.78,144.67,4096,1327,6,0.0045,0.0,0.9131,9,False,PLE-08,,,5145.8,1014.2,4002.5,45.7
Scene_09,satellite,sift,L09_0009,8,92.58,86.7,146.03,4096,1363,6,0.0044,0.0,0.3397,9,False,PLE-08,,,5293.8,1131.7,4035.5,40.0
Scene_09,satellite,sift,L09_0010,9,92.94,86.86,147.48,4096,1417,5,0.0035,0.0,0.7964,9,False,PLE-08,,,5262.2,1023.8,4104.5,44.5
Scene_09,satellite,sift,L09_0011,10,92.89,87.26,148.38,4096,1374,5,0.0036,0.007,2.1092,9,False,PLE-08,,,5279.6,1118.2,4032.1,48.3
Scene_09,satellite,sift,L09_0012,11,93.11,87.99,148.84,4096,1420,6,0.0042,0.005,0.1457,9,False,PLE-08,,,5086.8,1086.9,3875.5,43.5
Scene_09,satellite,sift,L09_0013,12,93.37,89.37,105.79,4096,1446,6,0.0041,0.0,0.4045,9,False,PLE-08,,,5098.8,918.3,4063.4,44.3
Scene_09,satellite,sift,L09_0014,13,92.56,89.78,93.72,3952,1398,6,0.0043,0.0,0.1515,9,False,PLE-08,,,4738.2,680.8,3942.3,47.0
Scene_09,satellite,sift,L09_0015,14,93.57,89.73,93.19,3800,1302,6,0.0046,0.0,23.9157,9,False,PLE-08,,,4513.9,688.7,3711.7,38.3
Scene_09,satellite,sift,L09_0016,15,93.74,89.85,93.35,3688,1218,6,0.0049,,0.8414,9,True,,152.8848,8.0,4278.1,626.8,3556.3,28.4
Scene_09,satellite,sift,L09_0017,16,93.66,89.88,93.38,4020,1424,6,0.0042,0.0,0.6752,9,False,PLE-08,,,4681.6,695.0,3863.2,46.4
Scene_09,satellite,sift,L09_0018,17,93.23,89.83,93.36,4096,1399,6,0.0043,0.16,0.6472,9,False,PLE-08,,,4815.5,698.5,4033.8,47.9
Scene_09,satellite,sift,L09_0019,18,93.27,89.78,93.29,4096,1379,6,0.0044,,4.6724,9,False,PLE-08,,,4718.3,620.0,3987.0,44.9
Scene_09,satellite,sift,L09_0020,19,93.36,89.93,93.43,4096,1393,6,0.0043,,0.9189,9,False,PLE-08,,,4867.6,715.1,4058.8,43.4
Scene_09,satellite,sift,L09_0021,20,93.06,89.94,93.38,4096,1348,6,0.0045,,0.6691,9,False,PLE-08,,,4937.3,714.4,4105.5,41.3
Scene_09,satellite,sift,L09_0022,21,93.23,89.81,93.04,4096,1381,6,0.0043,0.0,1.5845,9,False,PLE-08,,,5020.1,697.2,4241.0,45.7
Scene_09,satellite,sift,L09_0023,22,93.7,89.91,92.25,4096,1386,6,0.0043,0.0,0.3802,9,False,PLE-08,,,4801.3,662.3,4034.5,47.3
Scene_09,satellite,sift,L09_0024,23,93.92,89.94,91.82,4091,1355,7,0.0052,0.398,1.7307,9,False,PLE-08,,,4826.2,670.6,4045.3,47.0
Scene_09,satellite,sift,L09_0025,24,93.97,89.92,91.51,4096,1426,6,0.0042,0.0,12.1109,9,False,PLE-08,,,4668.7,677.8,3906.0,44.5
Scene_09,satellite,sift,L09_0026,25,93.93,89.76,91.42,4096,1406,6,0.0043,0.0,1.0131,9,False,PLE-08,,,4853.1,735.5,4038.4,42.5
Scene_09,satellite,sift,L09_0027,26,93.83,89.53,91.31,4096,1417,6,0.0042,,1.9177,9,False,PLE-08,,,4679.6,615.8,3955.9,40.8
Scene_09,satellite,sift,L09_0028,27,93.36,89.2,91.18,4096,1413,6,0.0042,0.0,1.3276,9,False,PLE-08,,,4915.6,696.8,4113.0,44.9
Scene_09,satellite,sift,L09_0029,28,93.19,89.08,90.45,4096,1475,6,0.0041,0.005,0.1311,9,False,PLE-08,,,4800.2,664.1,4029.9,44.0
Scene_09,satellite,sift,L09_0030,29,93.26,89.05,90.26,4096,1520,6,0.0039,0.0,0.3876,9,False,PLE-08,,,4767.6,704.5,3955.0,47.6
Scene_09,satellite,sift,L09_0031,30,93.22,89.06,90.15,4096,1533,6,0.0039,0.003,0.1982,9,False,PLE-08,,,4968.9,685.1,4179.2,45.0
Scene_09,satellite,sift,L09_0032,31,93.11,89.06,90.38,4096,1542,6,0.0039,0.304,0.4312,9,False,PLE-08,,,4968.2,752.4,4117.7,43.8
Scene_09,satellite,sift,L09_0033,32,93.08,89.12,90.19,4096,1524,7,0.0046,0.0,5.3234,9,False,PLE-08,,,4739.0,692.7,3934.7,46.4
Scene_09,satellite,sift,L09_0034,33,93.2,89.0,90.01,4096,1537,6,0.0039,0.0,25.9796,9,False,PLE-08,,,4905.9,754.0,4039.5,45.9
Scene_09,satellite,sift,L09_0035,34,93.17,88.96,89.77,4096,1569,6,0.0038,0.0,0.8544,9,False,PLE-08,,,4862.2,715.0,4043.5,44.8
Scene_09,satellite,sift,L09_0036,35,93.24,89.05,89.72,4096,1552,7,0.0045,0.009,0.5115,9,False,PLE-08,,,4901.9,729.9,4043.6,48.0
Scene_09,satellite,sift,L09_0037,36,93.08,89.04,89.8,4096,1577,6,0.0038,0.0,1.5136,9,False,PLE-08,,,4995.7,717.2,4169.8,48.0
Scene_09,satellite,sift,L09_0038,37,93.22,89.04,89.87,4096,1504,6,0.004,0.002,0.336,9,False,PLE-08,,,5029.7,702.5,4220.4,48.0
Scene_09,satellite,sift,L09_0039,38,93.08,89.04,89.94,4096,1514,6,0.004,0.0,4.4585,9,False,PLE-08,,,4810.8,711.0,3992.0,42.0
Scene_09,satellite,sift,L09_0040,39,92.99,89.08,89.96,4096,1523,6,0.0039,0.103,2.116,9,False,PLE-08,,,4777.4,724.9,3974.8,47.2
Scene_09,satellite,sift,L09_0041,40,92.94,89.07,90.02,4096,1488,6,0.004,0.0,0.4644,9,False,PLE-08,,,4690.5,628.0,3959.2,45.5
Scene_09,satellite,sift,L09_0042,41,92.71,89.05,90.08,4096,1463,6,0.0041,,2.3089,9,False,PLE-08,,,4889.0,676.4,4105.4,44.9
Scene_09,satellite,sift,L09_0043,42,92.38,89.05,90.14,4096,1491,5,0.0034,0.001,1.8526,9,False,PLE-08,,,4839.2,663.2,4066.0,44.0
Scene_09,satellite,sift,L09_0044,43,92.29,89.04,90.17,4096,1426,6,0.0042,0.011,0.1501,9,False,PLE-08,,,4820.4,710.0,4007.4,40.0
Scene_09,satellite,sift,L09_0045,44,92.04,89.05,90.25,4096,1495,6,0.004,0.0,8.1132,9,False,PLE-08,,,4707.2,691.6,3941.0,43.5
Scene_09,satellite,sift,L09_0046,45,92.03,89.03,90.29,4096,1509,6,0.004,0.0,128.847,9,False,PLE-08,,,4863.5,663.4,4087.8,46.9
Scene_09,satellite,sift,L09_0047,46,92.11,89.09,90.26,4096,1517,6,0.004,0.0,0.5244,9,False,PLE-08,,,4727.6,670.1,3971.8,55.4
Scene_09,satellite,sift,L09_0048,47,92.18,89.13,90.3,4096,1460,6,0.0041,0.0,0.2421,9,False,PLE-08,,,4924.2,734.0,4106.8,48.3
Scene_09,satellite,sift,L09_0049,48,91.75,89.16,90.46,4096,1496,6,0.004,,1.7762,9,False,PLE-08,,,4768.2,694.3,3989.8,46.1
Scene_09,satellite,sift,L09_0050,49,91.77,89.16,91.13,4096,1496,7,0.0047,0.409,0.8411,9,False,PLE-08,,,4752.5,674.7,3966.4,45.0
Scene_09,satellite,sift,L09_0051,50,91.72,89.18,91.56,4096,1481,7,0.0047,0.001,0.071,9,False,PLE-08,,,4986.0,692.5,4168.5,49.7
Scene_09,satellite,sift,L09_0052,51,91.84,89.01,91.52,4096,1448,6,0.0041,0.0,3.7214,9,False,PLE-08,,,4869.4,766.2,3989.8,51.5
Scene_09,satellite,sift,L09_0053,52,91.96,88.9,91.21,4096,1482,6,0.004,0.0,4.8201,9,False,PLE-08,,,4816.4,718.6,3985.8,45.8
Scene_09,satellite,sift,L09_0054,53,92.21,88.65,90.92,4096,1505,6,0.004,0.0,0.5243,9,False,PLE-08,,,4873.3,664.6,4099.6,46.5
Scene_09,satellite,sift,L09_0055,54,92.27,88.53,90.68,4096,1467,5,0.0034,0.185,1.0821,9,True,,112.9297,8.0,4803.4,707.1,3993.1,40.0
Scene_09,satellite,sift,L09_0056,55,92.13,88.3,90.49,4096,1485,6,0.004,0.0,26.2911,9,False,PLE-08,,,4817.1,697.2,4011.6,45.5
Scene_09,satellite,sift,L09_0057,56,92.0,88.17,90.28,4096,1450,6,0.0041,0.0,0.6275,9,False,PLE-08,,,4905.1,682.3,4142.7,49.1
Scene_09,satellite,sift,L09_0058,57,91.98,88.02,90.32,4096,1441,6,0.0042,0.0,2.8091,9,False,PLE-08,,,4968.5,751.6,4137.7,45.8
Scene_09,satellite,sift,L09_0059,58,91.72,87.84,90.56,4096,1421,6,0.0042,0.225,0.1924,9,False,PLE-08,,,4854.8,741.0,4010.1,42.8
Scene_09,satellite,sift,L09_0060,59,91.43,87.65,90.86,4096,1506,5,0.0033,0.0,0.5884,9,False,PLE-08,,,4829.9,694.7,4029.0,44.4
Scene_09,satellite,sift,L09_0061,60,91.04,87.58,90.79,4096,1469,6,0.0041,0.0,0.4355,9,False,PLE-08,,,4771.4,715.0,3948.8,45.6
Scene_09,satellite,sift,L09_0062,61,90.5,87.53,90.71,4096,1509,6,0.004,0.001,1.0468,9,False,PLE-08,,,4661.1,681.6,3871.7,49.4
Scene_09,satellite,sift,L09_0063,62,90.2,87.52,90.45,4096,1531,6,0.0039,0.001,0.7763,9,False,PLE-08,,,4651.0,636.3,3911.4,45.4
Scene_09,satellite,sift,L09_0064,63,90.01,87.38,90.81,4096,1505,6,0.004,0.0,1.1684,9,False,PLE-08,,,4529.2,665.6,3790.4,45.1
Scene_09,satellite,sift,L09_0065,64,89.87,87.36,90.65,4096,1570,6,0.0038,0.001,1.5312,9,False,PLE-08,,,4719.4,729.8,3888.8,43.2
Scene_09,satellite,sift,L09_0066,65,89.9,87.4,90.57,4096,1534,6,0.0039,0.0,0.7206,9,False,PLE-08,,,4716.8,660.0,3950.7,49.6
Scene_09,satellite,sift,L09_0067,66,89.58,87.54,89.03,4096,1606,6,0.0037,0.0,2.5066,9,False,PLE-08,,,4689.8,724.6,3884.3,44.5
Scene_09,satellite,sift,L09_0068,67,89.6,87.61,89.35,4096,1525,6,0.0039,0.0,0.5386,9,False,PLE-08,,,4768.0,720.9,3923.0,48.0
Scene_09,satellite,sift,L09_0069,68,90.01,87.81,89.47,4096,1512,6,0.004,0.15,1.2629,9,False,PLE-08,,,4802.0,664.2,4039.6,43.3
Scene_09,satellite,sift,L09_0070,69,90.05,88.05,89.66,4096,1535,6,0.0039,0.261,6.7887,9,False,PLE-08,,,4681.3,670.6,3905.3,50.5
Scene_09,satellite,sift,L09_0071,70,90.05,88.23,89.87,4096,1508,6,0.004,0.0,0.7018,9,False,PLE-08,,,4801.1,689.9,3999.9,50.0
Scene_09,satellite,sift,L09_0072,71,90.25,88.33,90.11,4096,1509,6,0.004,0.0,2.3026,9,False,PLE-08,,,4637.6,634.0,3898.0,44.6
Scene_09,satellite,sift,L09_0073,72,90.15,88.41,90.24,4096,1477,6,0.0041,0.438,1.244,9,False,PLE-08,,,4674.1,665.8,3900.9,47.9
Scene_09,satellite,sift,L09_0074,73,90.22,88.45,90.42,4096,1471,6,0.0041,0.0,1.1189,9,False,PLE-08,,,4816.9,720.7,3993.2,43.4
Scene_09,satellite,sift,L09_0075,74,90.47,88.56,90.57,4096,1424,6,0.0042,0.0,4.1374,9,False,PLE-08,,,4674.2,671.4,3898.5,45.1
Scene_09,satellite,sift,L09_0076,75,90.71,88.64,90.67,4096,1470,6,0.0041,,0.7033,9,True,,89.0557,8.0,4770.0,642.6,4037.4,31.6
Scene_09,satellite,sift,L09_0077,76,90.6,88.8,90.7,4096,1492,6,0.004,0.0,3.2362,9,False,PLE-08,,,4692.3,703.7,3905.0,54.4
Scene_09,satellite,sift,L09_0078,77,90.7,88.87,90.66,4096,1461,6,0.0041,0.0,1.3453,9,True,,164.6957,8.0,4739.8,641.1,4006.1,29.0
Scene_09,satellite,sift,L09_0079,78,90.43,88.91,90.7,4096,1439,6,0.0042,,9.8966,9,False,PLE-08,,,4785.5,707.4,3974.5,44.5
Scene_09,satellite,sift,L09_0080,79,90.25,88.91,90.73,4096,1467,6,0.0041,0.001,0.8344,9,False,PLE-08,,,4846.0,657.3,4110.4,49.5
Scene_09,satellite,sift,L09_0081,80,90.48,88.9,90.75,4096,1473,5,0.0034,,1.5213,9,False,PLE-08,,,4731.9,631.0,4001.5,43.2
Scene_09,satellite,sift,L09_0082,81,90.34,88.9,90.64,4096,1495,6,0.004,0.362,0.5026,9,False,PLE-08,,,4802.6,637.6,4064.4,44.8
Scene_09,satellite,sift,L09_0083,82,90.25,88.83,90.66,4096,1468,6,0.0041,0.0,1.5842,9,False,PLE-08,,,4805.1,623.1,4074.6,48.4
Scene_09,satellite,sift,L09_0084,83,90.3,88.78,90.73,4096,1466,6,0.0041,,1.7077,9,False,PLE-08,,,4916.3,716.6,4093.7,44.5
Scene_09,satellite,sift,L09_0085,84,90.21,88.71,92.84,3504,1379,6,0.0044,0.053,0.0469,9,False,PLE-08,,,4048.4,625.3,3311.7,42.7
Scene_09,satellite,sift,L09_0086,85,90.26,88.71,94.23,4096,1426,6,0.0042,,1.3491,9,True,,90.8959,8.0,4829.7,664.0,4067.8,34.0
Scene_09,satellite,sift,L09_0087,86,90.17,89.0,91.81,4096,1399,6,0.0043,0.0,0.7863,9,False,PLE-08,,,4854.2,695.5,4053.9,43.5
Scene_09,satellite,sift,L09_0088,87,90.22,88.86,91.53,4096,1426,6,0.0042,,40.5047,9,False,PLE-08,,,4910.3,665.0,4146.4,43.2
Scene_09,satellite,sift,L09_0089,88,90.36,88.65,91.32,4096,1407,6,0.0043,0.0,8.8328,9,False,PLE-08,,,4986.4,674.1,4208.2,46.8
Scene_09,satellite,sift,L09_0090,89,90.32,88.41,91.0,4096,1406,6,0.0043,0.0,0.3712,9,False,PLE-08,,,5598.2,733.3,4749.5,48.1
Scene_09,satellite,sift,L09_0091,90,90.38,88.2,90.75,4096,1395,6,0.0043,0.0,4.001,9,False,PLE-08,,,4975.9,684.1,4177.6,44.8
Scene_09,satellite,sift,L09_0092,91,90.57,87.96,90.47,4096,1380,6,0.0043,0.004,0.1077,9,False,PLE-08,,,4846.8,722.2,4015.9,42.4
Scene_09,satellite,sift,L09_0093,92,90.87,87.87,90.18,4096,1326,6,0.0045,0.0,1.3641,9,False,PLE-08,,,4890.3,696.2,4091.8,41.5
Scene_09,satellite,sift,L09_0094,93,91.04,87.77,89.88,4096,1392,6,0.0043,0.0,7.6436,9,False,PLE-08,,,4654.1,654.9,3926.3,43.0
Scene_09,satellite,sift,L09_0095,94,91.35,87.66,89.63,4096,1390,6,0.0043,0.794,1.4223,9,False,PLE-08,,,5057.8,737.9,4214.9,39.3
Scene_09,satellite,sift,L09_0096,95,91.73,87.66,89.37,4096,1401,6,0.0043,,1.6246,9,False,PLE-08,,,4839.2,666.8,4068.9,43.2
Scene_09,satellite,sift,L09_0097,96,91.77,87.62,89.13,4096,1423,6,0.0042,0.0,0.7333,9,False,PLE-08,,,5724.6,784.3,4804.9,49.4
Scene_09,satellite,sift,L09_0098,97,92.12,87.6,88.99,4096,1372,6,0.0044,0.001,1.9438,9,False,PLE-08,,,4965.8,684.0,4161.8,45.7
Scene_09,satellite,sift,L09_0099,98,92.34,87.59,88.91,4096,1393,6,0.0043,,3.8671,9,False,PLE-08,,,4876.0,767.8,3993.4,46.2
Scene_09,satellite,sift,L09_0100,99,92.46,87.65,88.74,4096,1428,6,0.0042,0.0,0.3521,9,False,PLE-08,,,4866.0,704.3,4058.7,42.9
Scene_09,satellite,sift,L09_0101,100,92.51,87.62,88.7,4096,1472,6,0.0041,0.0,5.0659,9,False,PLE-08,,,4768.2,716.3,3980.2,43.1
Scene_09,satellite,sift,L09_0102,101,92.5,87.61,88.66,4096,1484,6,0.004,,1.0615,9,True,,140.3193,8.0,4748.0,696.8,3958.8,31.1
Scene_09,satellite,sift,L09_0103,102,92.32,87.59,87.78,4096,1482,6,0.004,0.0,1.3195,9,True,,185.584,8.0,4852.8,686.9,4074.7,29.5
Scene_09,satellite,sift,L09_0104,103,91.89,87.75,87.44,4096,1451,5,0.0034,0.001,0.0796,9,False,PLE-08,,,4947.4,795.9,4069.3,44.5
Scene_09,satellite,sift,L09_0105,104,91.93,87.99,87.98,4096,1512,6,0.004,0.0,3.7393,9,False,PLE-08,,,4854.4,744.4,3998.2,43.8
Scene_09,satellite,sift,L09_0106,105,91.84,88.15,88.18,4096,1460,6,0.0041,0.0,3.973,9,False,PLE-08,,,4929.3,700.3,4115.4,43.7
Scene_09,satellite,sift,L09_0107,106,91.91,88.23,88.39,4096,1411,6,0.0043,0.0,1.5808,9,False,PLE-08,,,5523.8,783.0,4634.5,43.9
Scene_09,satellite,sift,L09_0108,107,91.77,88.31,88.57,4096,1416,7,0.0049,0.384,0.5533,9,False,PLE-08,,,5168.6,715.6,4339.4,51.4
Scene_09,satellite,sift,L09_0109,108,91.82,88.36,88.79,4096,1386,7,0.0051,0.0,1.2364,9,False,PLE-08,,,5356.2,787.6,4449.2,41.2
Scene_09,satellite,sift,L09_0110,109,91.92,88.49,88.96,4096,1384,7,0.0051,0.258,0.0824,9,False,PLE-08,,,4869.5,775.7,4013.3,44.7
Scene_09,satellite,sift,L09_0111,110,92.05,88.53,89.18,4096,1271,6,0.0047,0.0,4.1352,9,False,PLE-08,,,5343.7,722.7,4488.6,64.3
Scene_09,satellite,sift,L09_0112,111,92.0,88.56,89.28,4096,1354,6,0.0044,0.0,15.1727,9,False,PLE-08,,,5149.4,807.6,4216.2,44.2
Scene_09,satellite,sift,L09_0113,112,91.94,88.57,89.4,4096,1323,7,0.0053,0.0,26.7612,9,False,PLE-08,,,5349.1,702.5,4533.3,47.7
Scene_09,satellite,sift,L09_0114,113,91.73,88.57,89.53,4096,1339,6,0.0045,,10.934,9,False,PLE-08,,,5199.9,863.3,4213.7,53.1
Scene_09,satellite,sift,L09_0115,114,91.69,88.57,89.63,4096,1338,6,0.0045,0.0,4.9987,9,False,PLE-08,,,5289.9,782.8,4396.1,42.5
Scene_09,satellite,sift,L09_0116,115,91.74,88.57,89.86,4096,1346,6,0.0045,0.0,51.6105,9,False,PLE-08,,,5053.4,666.5,4282.7,43.9
Scene_09,satellite,sift,L09_0117,116,91.99,88.61,89.97,4096,1382,6,0.0043,,8.69,9,False,PLE-08,,,5319.9,774.7,4456.7,55.1
Scene_09,satellite,sift,L09_0118,117,91.84,88.67,90.02,4096,1362,6,0.0044,0.0,5.5082,9,False,PLE-08,,,5193.1,684.4,4421.7,48.3
Scene_09,satellite,sift,L09_0119,118,91.51,88.68,89.99,4096,1424,5,0.0035,0.0,0.5466,9,False,PLE-08,,,5396.2,664.6,4612.7,46.6
Scene_09,satellite,sift,L09_0120,119,91.17,88.69,89.94,4096,1460,7,0.0048,0.0,0.511,9,False,PLE-08,,,5233.8,760.4,4362.9,44.6
Scene_09,satellite,sift,L09_0121,120,91.09,88.54,91.94,4096,1507,6,0.004,0.0,2.4128,9,False,PLE-08,,,5094.7,673.9,4307.6,48.8
Scene_09,satellite,sift,L09_0122,121,91.2,88.55,92.34,4096,1401,6,0.0043,0.291,1.06,9,False,PLE-08,,,4908.1,720.4,4107.2,44.6
Scene_09,satellite,sift,L09_0123,122,91.15,88.63,90.98,4096,1406,7,0.005,0.324,0.3219,9,False,PLE-08,,,5171.4,736.2,4356.6,47.8
Scene_09,satellite,sift,L09_0124,123,90.88,88.47,90.7,4096,1336,6,0.0045,0.0,1.1878,9,False,PLE-08,,,5213.0,673.4,4425.6,48.6
Scene_09,satellite,sift,L09_0125,124,91.15,88.28,89.75,4096,1359,6,0.0044,0.0,15.4393,9,False,PLE-08,,,4906.7,654.0,4139.6,47.4
Scene_09,satellite,sift,L09_0479,125,98.89,89.97,99.83,4096,1504,7,0.0047,0.002,0.2432,9,False,PLE-08,,,5290.9,922.6,4241.9,50.1
Scene_09,satellite,sift,L09_0480,126,93.96,89.89,97.6,4096,1484,6,0.004,0.0,5.4135,9,False,PLE-08,,,4946.0,769.9,4064.9,42.0
Scene_09,satellite,sift,L09_0481,127,88.96,89.94,97.02,4096,1499,6,0.004,0.479,0.8138,9,False,PLE-08,,,5063.7,694.9,4236.3,58.7
Scene_09,satellite,sift,L09_0482,128,83.97,89.92,96.45,4096,1546,6,0.0039,0.0,0.8552,9,False,PLE-08,,,4984.3,747.7,4126.7,45.0
Scene_09,satellite,sift,L09_0483,129,79.04,89.87,96.35,4096,1487,6,0.004,,0.6797,9,True,,53.0828,8.0,5180.0,672.6,4438.4,32.8
Scene_09,satellite,sift,L09_0484,130,75.18,89.8,96.05,4096,1465,7,0.0048,0.001,0.1438,9,False,PLE-08,,,4879.9,606.0,4162.3,45.1
Scene_09,satellite,sift,L09_0485,131,70.97,89.78,95.96,4096,1462,6,0.0041,0.0,1.1271,9,False,PLE-08,,,5033.0,572.2,4365.1,42.5
Scene_09,satellite,sift,L09_0486,132,66.91,89.57,95.6,4096,1415,6,0.0042,0.0,1.2139,9,False,PLE-08,,,4659.6,438.6,4133.9,46.0
Scene_09,satellite,sift,L09_0487,133,62.89,89.46,95.74,3809,1360,6,0.0044,0.0,3.4239,9,False,PLE-08,,,5107.1,459.8,4541.7,58.4
