t_unix,accepted,inliers,matches,sigma_m,reproj_err_px,fix_n,fix_e,truth_n,truth_e,fix_error_m
1789657469.160,1,64,374,8.0,1.557,324.018,385.559,319.566,384.255,4.638
1789657469.263,1,62,305,8.0,1.512,322.338,386.378,318.448,385.188,4.068
1789657469.532,1,58,278,8.0,1.433,319.276,389.711,316.015,387.196,4.118
1789657469.919,1,63,281,8.0,1.481,314.312,393.174,311.349,390.977,3.689
1789657470.099,1,52,269,8.0,1.247,312.092,394.571,309.023,392.827,3.531
1789657475.376,1,19,232,8.0,1.681,245.764,439.970,242.174,437.482,4.368
1789657475.525,1,21,169,8.0,1.881,243.971,441.627,240.900,438.190,4.609
1789657476.034,1,23,184,8.0,1.703,237.365,444.849,234.231,441.820,4.359
1789657476.078,1,19,195,8.0,1.476,236.843,445.240,232.891,442.534,4.790
1789657476.122,1,17,202,8.0,1.33,236.221,445.385,232.891,442.534,4.383
1789657476.166,1,20,199,8.0,1.573,235.672,445.857,231.387,443.329,4.975
1789657476.211,1,19,201,8.0,1.516,235.092,446.022,231.387,443.329,4.580
1789657476.255,1,21,199,8.0,1.631,233.577,446.390,230.042,444.034,4.248
1789657476.298,1,19,196,8.0,1.608,233.419,446.663,230.042,444.034,4.279
1789657476.342,1,21,195,8.0,1.509,232.898,446.588,228.749,444.708,4.555
1789657476.389,1,19,188,8.0,1.514,232.458,447.432,228.749,444.708,4.602
1789657476.431,1,17,200,8.0,1.412,232.165,447.629,228.749,444.708,4.495
1789657476.500,1,19,210,8.0,1.434,231.602,447.755,227.454,445.378,4.781
1789657476.553,1,18,207,8.0,1.354,229.929,448.053,225.940,446.155,4.418
1789657476.594,1,22,203,8.0,1.742,229.451,448.567,225.940,446.155,4.260
1789657476.638,1,23,216,8.0,1.638,229.076,449.389,224.586,446.844,5.162
1789657476.686,1,22,217,8.0,1.784,228.358,449.613,224.586,446.844,4.679
1789657476.820,1,22,209,8.0,1.724,227.933,449.614,223.230,447.530,5.144
1789657476.862,1,20,215,8.0,1.765,225.908,450.497,221.926,448.184,4.605
1789657476.954,1,17,228,8.0,1.538,224.883,451.573,220.621,448.834,5.066
1789657476.995,1,15,224,8.0,1.337,224.492,451.446,220.621,448.834,4.670
1789657477.036,1,14,208,8.0,1.105,224.666,450.510,220.621,448.834,4.378
1789657477.209,1,16,225,8.0,1.968,221.538,453.127,217.896,450.177,4.688
1789657477.253,1,16,241,8.0,1.867,220.510,453.681,216.585,450.815,4.860
1789657477.298,1,16,223,8.0,1.39,219.729,453.447,216.585,450.815,4.101
1789657477.343,1,16,224,8.0,1.769,219.141,454.315,215.217,451.477,4.843
1789657477.389,1,19,229,8.0,1.69,218.095,453.853,215.217,451.477,3.732
1789657477.578,1,17,214,8.0,1.566,215.223,455.261,212.311,452.865,3.771
1789657478.048,1,15,220,8.0,1.367,209.108,459.330,205.532,456.019,4.874
1789657478.096,1,12,206,8.0,1.656,208.138,460.075,205.532,456.019,4.821
1789657478.252,1,13,219,8.0,1.479,206.725,460.407,202.762,457.272,5.053
1789657478.335,1,12,220,8.0,1.33,205.468,461.186,202.762,457.272,4.758
1789657478.382,1,23,226,8.0,1.67,204.055,460.360,201.485,457.844,3.597
1789657478.469,1,14,237,8.0,1.512,203.142,462.139,199.872,458.559,4.848
1789657478.555,1,14,230,8.0,1.642,201.547,462.633,198.536,459.148,4.606
1789657478.598,1,23,234,8.0,1.714,200.721,461.928,198.536,459.148,3.536
1789657478.642,1,21,242,8.0,1.834,200.653,462.961,197.197,459.732,4.729
1789657478.687,1,27,239,8.0,1.683,199.614,462.610,197.197,459.732,3.759
1789657478.778,1,14,259,8.0,1.568,198.770,463.260,195.856,460.313,4.144
1789657478.828,1,26,237,8.0,1.768,198.217,463.173,195.856,460.313,3.708
1789657478.877,1,23,244,8.0,1.619,197.231,463.446,194.514,460.890,3.731
1789657478.919,1,26,239,8.0,1.729,196.097,463.780,194.514,460.890,3.295
1789657478.967,1,27,236,8.0,1.683,195.900,464.270,193.115,461.487,3.938
1789657479.016,1,10,250,8.0,1.359,195.640,465.035,193.115,461.487,4.355
1789657479.069,1,25,250,8.0,1.484,194.079,464.630,191.432,462.197,3.595
1789657479.116,1,16,235,8.0,1.359,194.830,465.840,191.432,462.197,4.981
1789657479.400,1,28,251,8.0,1.39,189.342,466.568,187.273,463.924,3.358
1789657479.479,1,21,252,8.0,1.296,189.149,467.427,185.921,464.475,4.374
1789657479.561,1,14,248,8.0,1.634,186.891,467.365,184.624,465.000,3.276
1789657479.605,1,15,243,8.0,1.657,186.480,468.051,184.624,465.000,3.571
1789657479.651,1,11,234,8.0,1.519,185.995,468.606,183.043,465.634,4.188
1789657479.692,1,37,249,8.0,1.763,185.315,468.293,183.043,465.634,3.497
1789657479.818,1,11,259,8.0,1.305,183.134,469.436,181.686,466.173,3.570
1789657479.863,1,36,262,8.0,1.48,182.994,469.271,180.271,466.730,3.724
1789657479.909,1,36,267,8.0,1.63,181.972,469.701,180.271,466.730,3.423
1789657479.956,1,25,277,8.0,1.282,181.392,469.847,178.911,467.261,3.583
1789657480.003,1,42,274,8.0,1.541,181.279,470.305,178.911,467.261,3.857
1789657480.047,1,29,272,8.0,1.476,180.526,470.843,177.550,467.787,4.265
1789657480.094,1,24,268,8.0,1.411,180.481,470.683,177.550,467.787,4.121
1789657480.139,1,33,263,8.0,1.705,178.521,470.929,176.187,468.309,3.509
1789657480.176,1,33,265,8.0,1.717,178.035,471.169,176.187,468.309,3.404
1789657480.216,1,28,268,8.0,1.499,178.928,471.038,176.187,468.309,3.867
1789657480.255,1,29,278,8.0,1.433,178.303,471.423,174.538,468.935,4.513
1789657480.304,1,27,283,8.0,1.335,177.482,471.933,174.538,468.935,4.202
1789657480.351,1,28,285,8.0,1.498,176.232,471.682,173.115,469.470,3.823
1789657480.394,1,26,288,8.0,1.383,176.198,471.888,173.115,469.470,3.919
1789657480.439,1,34,291,8.0,1.503,174.337,472.489,171.746,469.979,3.607
1789657480.488,1,30,279,8.0,1.449,173.740,472.956,171.746,469.979,3.583
1789657480.536,1,28,287,8.0,1.382,173.759,473.186,171.746,469.979,3.787
1789657480.616,1,31,311,8.0,1.495,172.354,473.954,170.376,470.484,3.995
1789657480.668,1,32,283,8.0,1.59,172.876,473.420,169.005,470.985,4.574
1789657480.710,1,30,292,8.0,1.423,171.647,474.182,169.005,470.985,4.148
1789657480.751,1,32,275,8.0,1.454,171.372,473.876,167.631,471.481,4.442
1789657480.794,1,28,281,8.0,1.594,171.287,474.196,167.631,471.481,4.554
1789657480.851,1,27,281,8.0,1.539,169.316,475.249,165.970,472.076,4.612
1789657480.894,1,37,274,8.0,1.531,167.750,474.894,165.970,472.076,3.333
1789657480.943,1,32,278,8.0,1.605,168.161,475.109,164.593,472.564,4.383
1789657480.991,1,32,290,8.0,1.603,168.214,475.260,164.593,472.564,4.515
1789657481.080,1,41,294,8.0,1.681,165.415,475.796,163.214,473.047,3.521
1789657481.124,1,34,294,8.0,1.547,164.581,476.053,163.214,473.047,3.302
1789657481.165,1,35,286,8.0,1.587,164.345,476.309,161.661,473.586,3.823
1789657481.247,1,40,281,8.0,1.719,163.029,476.521,160.222,474.081,3.720
1789657481.329,1,33,279,8.0,1.509,161.681,477.125,160.222,474.081,3.375
1789657481.369,1,36,281,8.0,1.616,161.070,477.183,158.780,474.572,3.473
1789657481.409,1,31,276,8.0,1.575,161.195,477.421,158.780,474.572,3.735
1789657481.451,1,35,293,8.0,1.724,160.501,477.639,157.337,475.058,4.083
1789657481.492,1,29,283,8.0,1.587,160.451,477.946,157.337,475.058,4.247
1789657481.576,1,34,285,8.0,1.621,158.502,478.239,155.892,475.540,3.754
1789657481.678,1,39,300,8.0,1.606,157.484,478.384,154.504,475.999,3.817
1789657481.831,1,38,294,8.0,1.688,154.078,479.108,153.056,476.473,2.826
1789657482.082,1,41,322,8.0,1.805,150.907,480.315,148.877,477.812,3.222
1789657482.197,1,42,384,8.0,1.741,148.834,481.107,147.191,478.342,3.217
1789657482.252,1,39,391,8.0,1.687,148.469,481.401,145.735,478.793,3.778
1789657482.308,1,39,405,8.0,1.564,147.348,480.939,145.735,478.793,2.684
1789657482.364,1,43,375,8.0,1.64,146.469,481.777,144.337,479.223,3.327
1789657482.630,1,41,405,8.0,1.753,143.920,482.569,141.477,480.088,3.483
1789657482.691,1,42,395,8.0,1.66,142.122,483.171,140.074,480.505,3.362
1789657482.746,1,46,408,8.0,1.758,141.104,483.412,138.377,481.004,3.638
1789657482.807,1,34,394,8.0,1.676,140.106,483.687,138.377,481.004,3.192
1789657482.920,1,36,408,8.0,1.56,138.353,484.169,137.030,481.396,3.073
1789657482.976,1,43,405,8.0,1.678,137.644,484.474,135.623,481.800,3.352
1789657483.031,1,46,395,8.0,1.642,136.672,484.749,135.623,481.800,3.130
1789657483.197,1,41,406,8.0,1.524,134.394,485.402,132.804,482.597,3.223
1789657483.306,1,46,411,8.0,1.551,132.723,485.376,131.158,483.054,2.800
1789657483.362,1,48,413,8.0,1.581,131.606,486.011,129.745,483.442,3.172
1789657483.426,1,49,403,8.0,1.573,131.229,486.215,129.745,483.442,3.146
1789657483.485,1,41,420,8.0,1.5,130.484,486.386,128.331,483.825,3.345
1789657483.535,1,47,366,8.0,1.683,129.441,486.633,128.331,483.825,3.019
1789657483.592,1,48,366,8.0,1.691,128.141,487.068,126.916,484.204,3.115
1789657483.646,1,54,378,8.0,1.755,127.766,487.195,125.205,484.656,3.606
1789657483.808,1,43,388,8.0,1.623,125.398,487.943,123.728,485.041,3.348
1789657483.861,1,42,382,8.0,1.656,124.543,488.002,122.251,485.422,3.452
1789657483.917,1,49,375,8.0,1.628,124.035,488.324,122.251,485.422,3.407
1789657484.026,1,44,389,8.0,1.542,122.102,488.719,120.831,485.783,3.200
1789657484.081,1,50,404,8.0,1.713,121.126,488.932,119.411,486.139,3.277
1789657484.189,1,47,375,8.0,1.641,119.632,489.361,117.989,486.492,3.307
1789657484.245,1,48,374,8.0,1.632,118.552,489.295,116.329,486.897,3.269
1789657484.299,1,47,391,8.0,1.767,118.220,489.779,116.329,486.897,3.447
1789657484.356,1,49,398,8.0,1.749,117.226,489.925,114.964,487.226,3.521
1789657484.412,1,47,395,8.0,1.646,116.895,490.065,114.964,487.226,3.433
1789657484.464,1,47,395,8.0,1.776,115.272,490.381,113.539,487.566,3.306
1789657484.514,1,47,402,8.0,1.729,114.821,490.581,113.539,487.566,3.277
1789657484.669,1,52,404,8.0,1.626,112.382,490.987,110.567,488.259,3.277
1789657484.723,1,52,411,8.0,1.755,111.936,491.296,110.567,488.259,3.332
1789657484.812,1,50,403,8.0,1.586,111.603,491.176,109.079,488.599,3.608
1789657484.867,1,48,436,8.0,1.706,109.351,491.820,107.411,488.974,3.445
1789657484.919,1,53,423,8.0,1.59,108.968,492.077,107.411,488.974,3.472
1789657484.974,1,57,405,8.0,1.648,108.466,492.024,105.920,489.303,3.727
1789657485.027,1,49,423,8.0,1.601,106.895,492.356,105.920,489.303,3.205
1789657485.081,1,57,415,8.0,1.649,106.365,492.424,104.547,489.603,3.356
1789657485.136,1,49,415,8.0,1.725,105.934,492.436,104.547,489.603,3.155
1789657485.188,1,50,414,8.0,1.65,104.901,492.706,103.114,489.911,3.317
1789657485.243,1,45,391,8.0,1.535,103.928,492.978,101.381,490.278,3.712
1789657485.303,1,50,429,8.0,1.695,102.974,493.076,101.381,490.278,3.220
1789657485.355,1,46,408,8.0,1.639,101.842,493.274,100.005,490.564,3.274
1789657485.407,1,51,420,8.0,1.61,101.479,493.559,100.005,490.564,3.338
1789657485.462,1,54,430,8.0,1.819,100.833,493.565,98.568,490.859,3.529
1789657485.516,1,46,417,8.0,1.656,100.243,493.833,98.568,490.859,3.413
1789657485.573,1,48,434,8.0,1.811,99.002,493.924,97.129,491.150,3.347
1789657485.628,1,49,413,8.0,1.701,98.062,494.095,97.129,491.150,3.090
1789657485.682,1,52,431,8.0,1.716,97.417,494.427,95.451,491.483,3.540
1789657485.738,1,50,419,8.0,1.826,96.451,494.592,94.070,491.752,3.706
1789657485.792,1,48,431,8.0,1.726,95.400,494.538,94.070,491.752,3.087
1789657485.848,1,48,410,8.0,1.824,94.932,494.740,92.629,492.029,3.557
1789657485.903,1,51,431,8.0,1.683,93.797,494.996,92.629,492.029,3.188
1789657485.958,1,50,447,8.0,1.713,92.842,495.280,91.127,492.313,3.427
1789657486.004,1,50,411,8.0,1.754,92.438,495.193,91.127,492.313,3.164
1789657486.056,1,54,433,8.0,1.677,91.979,495.499,89.443,492.626,3.833
1789657486.109,1,48,416,8.0,1.78,90.908,495.323,89.443,492.626,3.069
1789657486.157,1,45,385,8.0,1.808,89.691,495.651,87.938,492.900,3.262
1789657486.198,1,51,342,8.0,1.815,89.245,495.905,87.938,492.900,3.276
1789657486.239,1,53,364,8.0,1.76,88.892,495.820,86.433,493.170,3.615
1789657486.282,1,56,361,8.0,1.77,88.090,495.987,86.433,493.170,3.268
1789657486.333,1,47,431,8.0,1.676,87.573,496.385,86.433,493.170,3.411
1789657486.381,1,54,449,8.0,1.722,86.557,496.349,85.047,493.414,3.300
1789657486.428,1,45,427,8.0,1.804,85.768,496.302,85.047,493.414,2.977
1789657486.479,1,53,437,8.0,1.735,85.472,496.598,83.540,493.674,3.504
1789657486.526,1,50,439,8.0,1.752,84.430,496.605,83.540,493.674,3.063
1789657486.578,1,42,422,8.0,1.906,83.752,496.667,82.032,493.930,3.232
1789657486.627,1,47,427,8.0,1.806,82.730,496.750,82.032,493.930,2.905
1789657486.675,1,49,428,8.0,1.615,82.011,497.055,80.583,494.171,3.218
1789657486.821,1,43,431,8.0,1.579,81.411,497.133,79.073,494.418,3.582
1789657486.874,1,39,418,8.0,1.954,79.127,497.039,77.623,494.650,2.823
1789657486.972,1,44,404,8.0,1.859,78.009,497.687,75.869,494.926,3.493
1789657487.022,1,43,412,8.0,1.616,77.098,497.887,75.869,494.926,3.206
1789657487.097,1,38,419,8.0,1.615,76.003,498.106,74.356,495.158,3.377
1789657487.146,1,40,415,8.0,1.569,75.408,498.186,72.964,495.367,3.731
1789657487.190,1,38,408,8.0,1.863,74.274,498.144,72.964,495.367,3.070
1789657487.364,1,38,403,8.0,1.858,72.573,498.244,69.995,495.800,3.552
1789657487.415,1,38,403,8.0,1.617,71.150,498.778,69.995,495.800,3.194
1789657487.464,1,38,392,8.0,1.873,69.988,498.731,68.237,496.048,3.204
1789657487.563,1,28,384,8.0,1.831,68.612,498.788,66.720,496.257,3.160
1789657487.758,1,28,403,8.0,1.467,65.951,499.936,63.806,496.644,3.929
1789657487.825,1,29,406,8.0,1.421,64.724,499.673,63.806,496.644,3.166
1789657487.871,1,31,390,8.0,1.658,63.673,499.460,62.409,496.823,2.924
1789657488.114,1,24,366,8.0,1.455,59.716,500.200,59.188,497.222,3.025
1789657488.214,1,34,392,8.0,1.895,58.076,499.889,57.789,497.388,2.517
1789657488.256,1,29,400,8.0,1.811,56.545,499.623,56.330,497.557,2.077
1789657488.299,1,30,398,8.0,1.754,56.495,499.957,56.330,497.557,2.406
1789657488.347,1,26,395,8.0,1.881,55.889,499.894,54.870,497.721,2.400
1789657488.395,1,31,398,8.0,1.799,55.206,500.300,54.870,497.721,2.600
1789657488.440,1,29,408,8.0,1.994,54.441,500.129,53.106,497.914,2.586
1789657488.484,1,33,399,8.0,1.773,53.960,500.687,53.106,497.914,2.901
1789657488.626,1,35,403,8.0,1.859,53.565,500.821,51.584,498.075,3.386
1789657488.669,1,33,366,8.0,1.933,50.804,500.563,50.123,498.225,2.434
1789657488.714,1,34,378,8.0,1.709,50.308,501.050,50.123,498.225,2.831
1789657488.760,1,44,367,8.0,1.978,49.154,500.908,48.662,498.371,2.584
1789657488.805,1,34,379,8.0,1.872,48.612,500.951,48.662,498.371,2.580
1789657488.849,1,35,381,8.0,1.779,48.222,500.896,47.261,498.507,2.575
1789657488.942,1,34,388,8.0,1.797,46.635,501.295,45.495,498.672,2.861
1789657489.092,1,35,438,8.0,1.733,44.791,501.444,44.032,498.804,2.747
1789657489.240,1,39,450,8.0,1.843,42.206,501.579,41.166,499.049,2.735
1789657489.699,1,31,427,8.0,1.514,35.218,502.271,34.939,499.524,2.761
1789657489.983,1,32,362,8.0,1.57,30.142,502.480,30.354,499.824,2.665
1789657490.347,1,38,367,8.0,1.756,24.411,502.611,24.107,500.164,2.465
1789657490.589,1,34,373,8.0,1.663,19.913,502.482,21.102,500.300,2.484
1789657490.706,1,30,374,8.0,1.673,20.140,502.785,19.629,500.360,2.477
1789657490.751,1,34,352,8.0,1.763,18.392,502.816,18.095,500.418,2.416
1789657490.847,1,32,350,8.0,1.714,17.632,502.738,16.621,500.470,2.483
1789657490.889,1,38,387,8.0,1.604,15.430,502.687,16.621,500.470,2.518
1789657491.025,1,42,363,8.0,1.611,15.207,502.881,15.087,500.518,2.366
1789657491.071,1,40,382,8.0,1.625,12.870,502.723,13.613,500.561,2.287
1789657491.112,1,38,364,8.0,1.614,12.592,503.192,13.613,500.561,2.823
1789657491.155,1,39,354,8.0,1.61,11.883,502.698,12.077,500.600,2.107
1789657491.195,1,42,358,8.0,1.715,11.096,502.746,12.077,500.600,2.360
1789657491.235,1,43,352,8.0,1.639,10.525,502.919,12.077,500.600,2.790
1789657491.275,1,43,348,8.0,1.573,10.037,502.828,10.296,500.640,2.204
1789657491.319,1,43,338,8.0,1.755,9.509,502.988,10.296,500.640,2.476
1789657491.359,1,44,355,8.0,1.515,8.672,503.356,8.883,500.667,2.697
1789657491.399,1,40,353,8.0,1.616,8.024,502.954,8.883,500.667,2.442
1789657491.443,1,44,344,8.0,1.607,7.505,503.085,7.348,500.693,2.398
1789657491.488,1,44,362,8.0,1.586,6.709,503.221,7.348,500.693,2.608
1789657491.531,1,44,344,8.0,1.487,5.874,503.321,7.348,500.693,3.013
1789657491.574,1,41,345,8.0,1.607,5.728,503.190,5.873,500.712,2.482
1789657491.618,1,43,340,8.0,1.745,5.084,503.473,5.873,500.712,2.871
1789657491.656,1,42,347,8.0,1.586,4.085,503.079,4.337,500.728,2.364
1789657491.695,1,41,348,8.0,1.75,3.512,503.229,4.337,500.728,2.634
1789657491.735,1,42,352,8.0,1.622,3.205,503.389,4.337,500.728,2.892
1789657491.776,1,43,328,8.0,1.569,2.379,503.240,2.801,500.740,2.536
1789657491.821,1,41,329,8.0,1.524,1.210,503.181,2.801,500.740,2.914
1789657491.864,1,43,387,8.0,1.579,0.967,503.251,1.266,500.746,2.523
1789657491.908,1,47,359,8.0,1.481,0.485,503.668,1.266,500.746,3.024
1789657491.954,1,37,345,8.0,1.481,-0.175,503.310,-0.208,500.748,2.562
1789657491.996,1,49,360,8.0,1.631,-0.906,503.411,-0.208,500.748,2.753
1789657492.040,1,44,367,8.0,1.583,-1.547,503.376,-1.989,500.745,2.668
1789657492.086,1,42,349,8.0,1.607,-1.567,503.403,-1.989,500.745,2.692
1789657492.129,1,41,362,8.0,1.591,-3.049,503.477,-1.989,500.745,2.931
1789657492.181,1,41,361,8.0,1.655,-3.684,503.425,-3.463,500.737,2.697
1789657492.237,1,46,362,8.0,1.609,-4.367,503.388,-4.936,500.725,2.724
1789657492.349,1,45,368,8.0,1.758,-5.282,503.252,-6.348,500.709,2.757
1789657492.396,1,47,348,8.0,1.462,-6.718,503.711,-6.348,500.709,3.024
1789657492.440,1,45,335,8.0,1.556,-7.380,503.674,-8.128,500.684,3.083
1789657492.483,1,42,345,8.0,1.419,-8.152,503.624,-8.128,500.684,2.940
1789657492.524,1,45,353,8.0,1.699,-8.739,503.560,-8.128,500.684,2.940
1789657492.571,1,47,332,8.0,1.691,-9.418,503.674,-9.601,500.658,3.021
1789657492.619,1,50,332,8.0,1.707,-10.032,503.666,-9.601,500.658,3.039
1789657492.663,1,46,323,8.0,1.657,-10.589,503.438,-11.013,500.630,2.840
1789657492.703,1,42,315,8.0,1.664,-11.291,503.453,-11.013,500.630,2.837
1789657492.742,1,44,316,8.0,1.745,-11.825,503.507,-12.731,500.590,3.054
1789657492.788,1,42,338,8.0,1.689,-13.035,503.601,-12.731,500.590,3.027
1789657492.830,1,45,323,8.0,1.618,-13.250,503.591,-12.731,500.590,3.046
1789657492.871,1,41,320,8.0,1.534,-14.090,503.419,-14.265,500.549,2.875
1789657492.916,1,44,312,8.0,1.544,-14.357,503.745,-14.265,500.549,3.197
1789657492.957,1,47,323,8.0,1.565,-14.835,503.792,-15.738,500.506,3.408
1789657493.002,1,38,315,8.0,1.664,-15.846,503.674,-15.738,500.506,3.170
1789657493.049,1,39,320,8.0,1.517,-16.322,503.875,-17.211,500.458,3.531
1789657493.097,1,41,318,8.0,1.645,-17.239,503.649,-17.211,500.458,3.191
1789657493.135,1,44,312,8.0,1.775,-18.070,503.876,-17.211,500.458,3.524
1789657493.183,1,43,331,8.0,1.478,-18.670,503.561,-18.746,500.404,3.158
1789657493.229,1,44,321,8.0,1.497,-18.683,503.727,-18.746,500.404,3.324
1789657493.271,1,41,320,8.0,1.587,-19.762,503.562,-20.219,500.348,3.246
1789657493.313,1,41,327,8.0,1.675,-19.813,504.014,-20.219,500.348,3.688
1789657493.354,1,45,319,8.0,1.536,-20.833,503.775,-21.754,500.285,3.609
1789657493.400,1,40,332,8.0,1.654,-21.134,503.719,-21.754,500.285,3.490
1789657493.438,1,40,314,8.0,1.647,-22.437,503.635,-23.288,500.217,3.522
1789657493.542,1,41,317,8.0,1.672,-23.127,503.431,-24.762,500.148,3.667
1789657493.586,1,37,314,8.0,1.762,-24.587,503.399,-24.762,500.148,3.255
1789657493.631,1,38,330,8.0,1.757,-24.990,503.490,-24.762,500.148,3.349
1789657493.684,1,39,341,8.0,1.528,-25.649,503.297,-26.542,500.059,3.359
1789657493.789,1,38,327,8.0,1.675,-25.539,504.329,-28.077,499.977,5.038
1789657493.835,1,38,302,8.0,1.751,-28.665,503.227,-28.077,499.977,3.302
1789657493.886,1,45,335,8.0,1.633,-28.548,503.836,-29.612,499.891,4.086
1789657493.931,1,39,316,8.0,1.638,-29.909,503.396,-29.612,499.891,3.518
1789657493.975,1,46,308,8.0,1.753,-30.293,503.656,-31.085,499.804,3.933
1789657494.022,1,40,316,8.0,1.743,-31.119,503.006,-31.085,499.804,3.203
1789657494.067,1,38,304,8.0,1.668,-31.912,503.147,-32.558,499.712,3.495
1789657494.107,1,41,310,8.0,1.818,-32.710,503.163,-32.558,499.712,3.455
1789657494.144,1,40,309,8.0,1.578,-32.604,503.291,-34.032,499.616,3.942
1789657494.184,1,42,305,8.0,1.559,-32.793,504.068,-34.032,499.616,4.620
1789657494.285,1,41,312,8.0,1.745,-33.788,503.407,-35.812,499.495,4.404
1789657494.326,1,38,274,8.0,1.897,-36.075,503.089,-35.812,499.495,3.604
1789657494.411,1,39,295,8.0,1.519,-37.342,502.847,-37.039,499.408,3.453
1789657494.523,1,35,304,8.0,1.74,-37.196,503.054,-38.574,499.294,4.004
1789657494.567,1,34,292,8.0,1.591,-39.307,503.189,-40.353,499.156,4.166
1789657494.606,1,37,285,8.0,1.511,-39.369,503.539,-40.353,499.156,4.492
1789657494.647,1,39,288,8.0,1.573,-40.292,503.370,-41.826,499.038,4.596
1789657494.699,1,36,310,8.0,1.633,-40.852,504.472,-41.826,499.038,5.521
1789657494.749,1,34,310,8.0,1.8,-41.725,502.845,-43.360,498.909,4.262
1789657494.816,1,38,323,8.0,1.61,-42.535,502.991,-43.360,498.909,4.164
1789657494.864,1,31,320,8.0,1.765,-43.483,503.728,-44.832,498.782,5.127
1789657494.912,1,36,324,8.0,1.774,-44.932,502.403,-44.832,498.782,3.623
1789657494.959,1,38,328,8.0,1.577,-44.491,503.373,-46.304,498.650,5.059
1789657495.010,1,35,330,8.0,1.625,-46.763,502.175,-46.304,498.650,3.555
1789657495.080,1,41,334,8.0,1.804,-46.278,502.868,-47.776,498.513,4.605
1789657495.134,1,32,329,8.0,1.804,-48.477,501.980,-47.776,498.513,3.537
1789657495.186,1,36,327,8.0,1.851,-48.870,501.942,-49.309,498.366,3.603
1789657495.238,1,40,333,8.0,1.973,-49.842,502.051,-51.086,498.189,4.057
1789657495.291,1,29,342,8.0,1.934,-50.925,502.052,-51.086,498.189,3.866
1789657495.344,1,30,334,8.0,1.78,-51.444,502.159,-52.617,498.031,4.292
1789657495.395,1,33,348,8.0,1.734,-52.330,501.916,-52.617,498.031,3.895
1789657495.449,1,36,336,8.0,1.746,-52.730,502.511,-54.087,497.875,4.830
1789657495.507,1,34,348,8.0,1.696,-53.576,502.464,-54.087,497.875,4.617
1789657495.570,1,32,341,8.0,1.672,-54.718,501.662,-55.618,497.708,4.055
1789657495.629,1,38,348,8.0,1.702,-54.951,501.928,-55.618,497.708,4.273
1789657495.682,1,37,341,8.0,2.017,-56.632,501.586,-57.026,497.549,4.056
1789657495.737,1,28,330,8.0,1.726,-57.580,501.650,-58.495,497.379,4.368
1789657495.902,1,35,350,8.0,1.772,-58.972,502.528,-60.269,497.168,5.515
1789657495.961,1,33,343,8.0,1.673,-60.558,503.237,-61.797,496.980,6.378
1789657496.074,1,30,339,8.0,1.847,-62.479,501.202,-63.326,496.787,4.495
1789657496.129,1,30,333,8.0,1.408,-63.017,502.052,-63.326,496.787,5.274
1789657496.183,1,31,327,8.0,1.702,-64.054,501.926,-64.732,496.606,5.364
1789657496.238,1,26,340,8.0,1.794,-65.429,500.663,-66.259,496.404,4.339
1789657496.301,1,31,333,8.0,1.757,-66.238,501.956,-66.259,496.404,5.552
1789657496.413,1,31,315,8.0,1.594,-66.553,500.875,-67.786,496.197,4.838
1789657496.469,1,26,321,8.0,1.466,-67.254,501.497,-69.252,495.993,5.855
1789657496.598,1,24,307,8.0,1.641,-70.231,499.730,-70.717,495.786,3.974
1789657496.653,1,32,306,8.0,2.046,-72.337,499.426,-72.486,495.528,3.900
1789657496.709,1,32,314,8.0,1.792,-72.775,499.800,-72.486,495.528,4.281
1789657496.760,1,33,298,8.0,1.822,-73.547,499.560,-73.949,495.310,4.268
1789657496.811,1,30,315,8.0,1.757,-73.682,499.548,-73.949,495.310,4.246
1789657496.864,1,30,311,8.0,1.527,-74.841,498.926,-75.473,495.079,3.899
1789657496.916,1,29,321,8.0,1.778,-76.064,499.181,-75.473,495.079,4.145
1789657496.969,1,33,339,8.0,1.788,-76.569,499.166,-76.935,494.852,4.330
1789657497.024,1,31,325,8.0,1.599,-77.748,498.909,-76.935,494.852,4.138
1789657497.077,1,28,314,8.0,1.736,-77.866,499.157,-78.396,494.620,4.568
1789657497.131,1,30,326,8.0,1.713,-78.609,498.659,-78.396,494.620,4.044
1789657497.188,1,27,340,8.0,1.725,-79.932,498.374,-80.100,494.344,4.033
1789657497.241,1,32,332,8.0,1.853,-80.853,498.618,-81.559,494.103,4.570
1789657497.304,1,24,335,8.0,1.612,-80.743,498.788,-81.559,494.103,4.756
1789657497.360,1,20,326,8.0,1.354,-81.489,499.152,-83.079,493.846,5.538
1789657497.412,1,31,319,8.0,1.627,-83.614,498.070,-83.079,493.846,4.257
1789657497.541,1,24,324,8.0,1.394,-84.781,497.651,-85.993,493.340,4.479
1789657497.596,1,26,288,8.0,1.739,-85.937,497.507,-85.993,493.340,4.168
1789657497.650,1,23,297,8.0,1.883,-87.041,497.387,-87.510,493.069,4.343
1789657497.744,1,27,292,8.0,1.589,-88.010,497.095,-88.966,492.805,4.395
1789657497.902,1,27,290,8.0,1.475,-89.490,497.221,-90.723,492.480,4.899
1789657497.951,1,23,288,8.0,1.625,-91.665,495.831,-92.177,492.206,3.661
1789657498.055,1,19,282,8.0,1.845,-93.300,495.854,-93.630,491.928,3.939
1789657498.105,1,28,274,8.0,1.654,-93.991,495.820,-93.630,491.928,3.909
1789657498.165,1,25,286,8.0,1.217,-94.035,496.041,-95.082,491.646,4.518
1789657498.303,1,24,271,8.0,1.81,-97.336,495.170,-96.593,491.347,3.895
1789657498.479,1,25,275,8.0,1.44,-100.473,494.077,-99.552,490.748,3.454
1789657498.816,1,29,292,8.0,1.6,-103.895,493.896,-101.301,490.385,4.365
1789657500.778,1,26,289,8.0,1.432,-133.825,486.565,-134.151,482.321,4.256
1789657500.824,1,25,280,8.0,1.384,-134.530,486.703,-134.151,482.321,4.398
1789657502.234,1,38,288,8.0,1.534,-155.532,480.132,-154.809,475.995,4.199
1789657502.288,1,38,326,8.0,1.625,-156.845,479.640,-156.265,475.512,4.169
1789657502.397,1,40,325,8.0,1.586,-158.233,479.163,-157.602,475.063,4.149
1789657502.451,1,36,314,8.0,1.46,-159.202,478.851,-159.054,474.571,4.283
1789657502.559,1,40,330,8.0,1.604,-160.635,478.439,-160.504,474.074,4.367
1789657502.618,1,38,319,8.0,1.559,-161.162,478.253,-160.504,474.074,4.230
1789657502.671,1,35,325,8.0,1.545,-162.023,478.043,-161.953,473.573,4.470
1789657502.724,1,43,314,8.0,1.693,-163.061,477.550,-161.953,473.573,4.128
1789657502.776,1,39,313,8.0,1.714,-164.179,477.324,-163.343,473.088,4.318
1789657502.831,1,39,327,8.0,1.518,-164.621,477.170,-163.343,473.088,4.277
1789657502.887,1,37,348,8.0,1.521,-165.333,476.770,-164.788,472.578,4.227
1789657502.940,1,41,333,8.0,1.605,-165.885,476.735,-166.174,472.083,4.661
1789657502.994,1,38,340,8.0,1.547,-167.085,476.156,-166.174,472.083,4.174
1789657503.048,1,40,320,8.0,1.586,-168.003,475.835,-167.616,471.563,4.289
1789657503.157,1,40,326,8.0,1.539,-169.276,475.685,-169.287,470.954,4.731
1789657503.253,1,42,329,8.0,1.613,-169.715,475.400,-170.610,470.465,5.016
1789657506.472,1,32,321,8.0,1.675,-216.249,453.601,-215.736,450.741,2.906
1789657506.707,1,29,293,8.0,1.676,-219.321,452.368,-218.435,449.410,3.088
1789657508.609,1,21,278,8.0,1.427,-244.339,440.413,-244.225,435.842,4.573
1789657508.764,1,10,300,8.0,1.057,-253.904,439.329,-247.005,434.281,8.549
1789657508.810,1,27,301,8.0,1.184,-249.729,436.978,-247.005,434.281,3.834
1789657510.578,1,11,327,8.0,1.158,-276.366,423.164,-270.353,419.916,6.835
1789657513.158,1,47,304,8.0,1.446,-305.104,396.963,-302.472,396.315,2.710
1789657513.304,1,47,294,8.0,1.436,-306.037,395.830,-303.669,395.372,2.412
1789657513.396,1,50,317,8.0,1.464,-307.335,394.710,-304.816,394.467,2.531
1789657513.441,1,53,324,8.0,1.646,-308.186,394.443,-306.009,393.522,2.364
1789657513.535,1,53,293,8.0,1.747,-309.058,393.348,-306.009,393.522,3.054
1789657513.581,1,49,311,8.0,1.446,-309.956,393.126,-307.200,392.577,2.810
1789657513.627,1,56,313,8.0,1.663,-309.808,392.469,-307.200,392.577,2.610
1789657513.672,1,49,310,8.0,1.502,-310.813,391.671,-308.342,391.667,2.471
1789657513.721,1,53,304,8.0,1.605,-311.301,391.921,-308.342,391.667,2.969
1789657513.769,1,50,314,8.0,1.803,-311.796,391.176,-309.530,390.717,2.312
1789657513.910,1,56,309,8.0,1.551,-313.679,390.210,-310.716,389.765,2.996
1789657514.010,1,45,323,8.0,1.608,-314.801,389.520,-312.041,388.695,2.881
1789657523.085,1,11,424,8.0,0.881,-408.861,290.070,-407.427,289.712,1.477
1789657523.420,1,17,311,8.0,1.497,-412.099,288.097,-410.246,286.007,2.793
1789657523.566,1,17,303,8.0,1.598,-414.666,285.937,-412.021,283.634,3.507
1789657523.661,1,14,303,8.0,1.455,-416.085,284.361,-412.919,282.418,3.714
1789657524.481,1,31,334,8.0,1.65,-426.687,277.898,-419.756,272.570,8.743
1789657527.343,1,13,324,8.0,1.345,-438.299,242.217,-439.705,235.156,7.199
1789657528.587,1,9,341,8.0,1.033,-436.554,231.071,-447.889,217.524,17.663
1789657528.774,1,8,344,8.0,0.852,-445.161,222.827,-449.230,214.618,9.162
1789657529.031,1,55,325,8.0,1.519,-451.054,212.650,-450.469,211.932,0.926
1789657529.073,1,49,337,8.0,1.86,-451.262,211.561,-451.080,210.618,0.960
1789657529.124,1,54,326,8.0,1.8,-451.169,210.498,-451.080,210.618,0.150
1789657529.175,1,55,339,8.0,1.685,-451.095,209.999,-451.722,209.253,0.974
1789657529.298,1,57,339,8.0,1.537,-451.081,209.442,-452.369,207.890,2.017
1789657529.343,1,55,328,8.0,1.769,-451.131,207.215,-452.369,207.890,1.411
1789657529.392,1,58,341,8.0,1.538,-450.698,206.628,-453.022,206.531,2.327
1789657529.442,1,55,336,8.0,1.611,-450.933,206.059,-453.022,206.531,2.142
1789657529.493,1,53,315,8.0,1.733,-451.361,204.689,-453.655,205.229,2.356
1789657530.458,1,46,338,8.0,1.75,-458.118,191.466,-459.810,193.079,2.338
1789657530.503,1,47,333,8.0,1.568,-458.205,191.339,-460.591,191.582,2.398
1789657530.555,1,54,348,8.0,1.816,-458.949,190.478,-460.591,191.582,1.979
1789657530.642,1,47,342,8.0,1.551,-459.354,190.155,-461.177,190.460,1.848
1789657530.766,1,54,337,8.0,1.609,-459.724,189.440,-461.987,188.911,2.324
1789657530.815,1,51,337,8.0,1.665,-460.907,187.953,-462.630,187.682,1.744
1789657530.866,1,55,338,8.0,1.733,-462.074,186.953,-462.630,187.682,0.917
1789657530.909,1,56,341,8.0,1.628,-461.481,187.283,-463.328,186.345,2.071
1789657530.954,1,55,340,8.0,1.561,-462.415,186.217,-463.328,186.345,0.922
1789657530.997,1,57,334,8.0,1.681,-463.083,185.916,-464.026,185.008,1.309
1789657531.043,1,52,363,8.0,1.602,-463.321,185.670,-464.026,185.008,0.967
1789657531.087,1,60,347,8.0,1.616,-463.836,184.784,-464.026,185.008,0.294
1789657531.138,1,53,335,8.0,1.716,-464.728,184.416,-464.723,183.670,0.746
1789657531.270,1,63,345,8.0,1.576,-465.287,182.867,-465.391,182.385,0.493
1789657552.848,1,18,619,8.0,1.305,-501.331,-139.641,-503.920,-135.497,4.887
1789657553.154,1,21,518,8.0,1.441,-502.066,-143.913,-503.408,-140.134,4.010
1789657555.681,1,35,475,8.0,1.384,-502.364,-183.751,-488.369,-173.522,17.334
1789657555.932,1,38,429,8.0,1.436,-497.370,-185.056,-485.623,-177.134,14.169
1789657555.998,1,35,454,8.0,1.326,-496.200,-185.807,-485.623,-177.134,13.678
1789657556.265,1,33,447,8.0,1.26,-495.094,-190.173,-482.912,-180.545,15.527
1789657556.321,1,37,425,8.0,1.546,-495.394,-191.774,-482.912,-180.545,16.789
1789657556.391,1,38,424,8.0,1.263,-495.290,-192.555,-481.794,-181.871,17.213
1789657556.456,1,37,419,8.0,1.039,-495.431,-194.256,-480.805,-182.994,18.460
1789657570.577,1,84,582,8.0,1.557,-372.992,-355.690,-367.609,-352.814,6.104
1789657570.674,1,99,421,8.0,1.476,-372.238,-357.231,-366.884,-354.093,6.206
1789657570.992,1,85,430,8.0,1.386,-371.305,-362.596,-363.700,-359.552,8.191
1789657571.043,1,93,408,8.0,1.523,-371.671,-363.312,-363.700,-359.552,8.812
1789657571.119,1,103,437,8.0,1.484,-373.008,-365.510,-362.885,-360.857,11.140
1789657571.180,1,96,463,8.0,1.485,-375.267,-368.998,-362.075,-362.093,14.890
1789657580.284,1,22,601,8.0,1.484,-248.672,-438.418,-249.633,-441.823,3.538
1789657580.330,1,27,382,8.0,1.67,-247.906,-439.698,-249.633,-441.823,2.738
1789657581.090,1,26,444,8.0,1.464,-246.407,-455.165,-240.397,-449.917,7.978
1789657581.451,1,14,427,8.0,1.675,-243.450,-463.422,-236.802,-452.728,12.591
1789657584.327,0,5,405,8.0,0.118,-516.022,-1009.082,-196.464,-471.152,625.688
1789657585.120,1,35,351,8.0,1.413,-187.091,-475.954,-184.989,-474.866,2.368
1789657585.379,1,31,343,8.0,1.425,-181.869,-475.973,-180.464,-476.358,1.457
1789657585.609,1,36,332,8.0,1.375,-179.128,-478.091,-177.617,-477.298,1.707
1789657585.843,1,35,331,8.0,1.433,-176.782,-479.962,-174.527,-478.299,2.801
1789657585.887,1,35,330,8.0,1.547,-174.716,-481.523,-173.124,-478.744,3.203
1789657585.932,1,34,344,8.0,1.719,-173.389,-481.932,-173.124,-478.744,3.199
1789657585.976,1,32,331,8.0,1.651,-174.237,-482.315,-173.124,-478.744,3.740
1789657586.023,1,34,342,8.0,1.571,-172.530,-483.006,-171.776,-479.164,3.915
1789657586.071,1,33,336,8.0,1.591,-171.567,-483.348,-171.776,-479.164,4.189
1789657586.392,1,32,339,8.0,1.621,-167.156,-489.152,-165.754,-480.924,8.347
1789657588.711,1,11,270,8.0,1.362,-130.419,-489.090,-131.103,-486.688,2.497
1789657588.880,1,12,263,8.0,1.29,-129.124,-489.200,-127.896,-487.111,2.423
1789657588.926,1,12,285,8.0,1.411,-129.358,-489.497,-127.896,-487.111,2.798
1789657590.475,1,14,287,8.0,1.555,-105.133,-488.582,-105.186,-490.415,1.834
1789657590.513,1,13,287,8.0,1.348,-104.268,-489.829,-103.733,-490.643,0.974
1789657590.595,1,13,305,8.0,1.224,-103.833,-488.151,-102.219,-490.882,3.173
1789657590.823,1,15,309,8.0,1.533,-99.150,-489.323,-99.315,-491.350,2.034
1789657590.987,1,14,327,8.0,1.125,-95.768,-488.057,-96.173,-491.873,3.838
1789657592.907,1,28,418,8.0,1.42,-67.143,-496.760,-67.775,-497.363,0.874
1789657593.328,1,29,429,8.0,1.688,-60.804,-499.625,-61.580,-498.627,1.265
1789657593.619,1,35,403,8.0,1.539,-56.884,-501.394,-57.185,-499.507,1.912
1789657593.713,1,32,418,8.0,1.458,-56.590,-501.814,-55.678,-499.801,2.211
1789657593.758,1,36,441,8.0,1.472,-55.039,-502.608,-55.678,-499.801,2.879
1789657593.795,1,37,431,8.0,1.613,-54.361,-503.209,-54.229,-500.078,3.133
1789657593.835,1,41,448,8.0,1.607,-53.768,-503.632,-54.229,-500.078,3.584
1789657593.881,1,35,417,8.0,1.451,-53.013,-503.806,-52.719,-500.361,3.457
1789657593.918,1,37,424,8.0,1.592,-52.958,-504.403,-52.719,-500.361,4.049
1789657593.960,1,36,424,8.0,1.439,-52.429,-504.672,-52.719,-500.361,4.321
1789657594.017,1,42,425,8.0,1.431,-51.454,-505.674,-51.207,-500.636,5.044
1789657597.032,1,68,554,8.0,1.579,-5.938,-506.364,-5.270,-500.972,5.433
1789657597.077,1,54,436,8.0,1.483,-4.097,-505.455,-5.270,-500.972,4.634
1789657597.125,1,65,457,8.0,1.491,-3.376,-505.329,-3.511,-500.836,4.495
1789657597.165,1,68,473,8.0,1.556,-3.128,-505.099,-3.511,-500.836,4.281
1789657597.207,1,60,461,8.0,1.494,-2.032,-504.536,-2.055,-500.723,3.813
1789657597.247,1,63,476,8.0,1.527,-1.606,-504.410,-2.055,-500.723,3.714
1789657597.289,1,60,473,8.0,1.593,-1.246,-504.628,-0.537,-500.605,4.084
1789657597.331,1,63,462,8.0,1.51,-0.643,-504.061,-0.537,-500.605,3.458
1789657597.376,1,59,456,8.0,1.524,0.180,-504.066,-0.537,-500.605,3.534
1789657597.416,1,59,458,8.0,1.602,0.705,-504.171,0.981,-500.486,3.695
1789657597.458,1,58,458,8.0,1.569,1.283,-504.449,0.981,-500.486,3.974
1789657597.500,1,59,468,8.0,1.383,2.656,-504.040,2.439,-500.369,3.677
1789657597.541,1,60,443,8.0,1.522,3.027,-504.479,2.439,-500.369,4.152
1789657597.586,1,53,457,8.0,1.641,3.228,-504.612,3.958,-500.241,4.431
1789657597.628,1,58,452,8.0,1.432,4.429,-505.235,3.958,-500.241,5.016
1789657597.670,1,63,449,8.0,1.53,4.928,-505.414,3.958,-500.241,5.263
1789657597.713,1,66,455,8.0,1.468,5.454,-505.438,5.356,-500.117,5.322
1789657599.817,1,55,429,8.0,1.357,38.056,-500.531,37.305,-495.290,5.295
1789657599.867,1,51,412,8.0,1.395,38.812,-500.286,37.305,-495.290,5.219
1789657599.914,1,61,417,8.0,1.374,39.623,-499.634,38.799,-495.007,4.700
1789657599.958,1,68,424,8.0,1.524,40.073,-499.626,38.799,-495.007,4.791
1789657600.005,1,58,406,8.0,1.479,41.104,-499.018,40.233,-494.734,4.371
1789657600.054,1,56,424,8.0,1.297,41.465,-498.719,40.233,-494.734,4.170
1789657600.106,1,56,404,8.0,1.344,41.943,-498.606,41.726,-494.450,4.162
1789657600.154,1,57,413,8.0,1.391,42.947,-498.170,41.726,-494.450,3.916
1789657600.229,1,65,415,8.0,1.237,43.786,-497.818,43.159,-494.176,3.695
1789657600.276,1,63,415,8.0,1.222,44.835,-497.352,43.159,-494.176,3.591
1789657600.326,1,60,419,8.0,1.188,45.466,-497.402,44.651,-493.891,3.605
1789657600.383,1,65,420,8.0,1.338,45.651,-497.126,46.083,-493.616,3.537
1789657600.429,1,56,410,8.0,1.275,46.959,-496.629,46.083,-493.616,3.137
1789657600.476,1,66,426,8.0,1.421,47.733,-496.287,46.083,-493.616,3.139
1789657600.522,1,57,395,8.0,1.377,48.105,-495.966,47.515,-493.342,2.690
1789657600.572,1,56,399,8.0,1.261,48.703,-495.816,47.515,-493.342,2.745
1789657600.618,1,61,403,8.0,1.239,49.602,-495.722,49.245,-493.010,2.735
1789657600.667,1,60,407,8.0,1.455,50.073,-495.451,49.245,-493.010,2.578
1789657600.716,1,59,402,8.0,1.347,51.013,-494.951,50.676,-492.736,2.240
1789657600.767,1,56,398,8.0,1.249,51.435,-494.883,50.676,-492.736,2.278
1789657600.817,1,57,399,8.0,1.243,52.407,-494.453,52.107,-492.463,2.012
1789657600.909,1,61,383,8.0,1.324,53.981,-493.942,53.538,-492.192,1.805
1789657602.244,1,58,391,8.0,1.303,73.341,-489.393,73.050,-488.719,0.734
1789657602.401,1,66,417,8.0,1.337,75.887,-489.413,75.979,-488.210,1.206
1789657602.597,1,59,406,8.0,1.178,78.917,-489.367,79.090,-487.663,1.712
1789657602.648,1,60,434,8.0,1.375,79.808,-489.416,79.090,-487.663,1.894
1789657602.691,1,57,427,8.0,1.32,80.285,-489.102,80.527,-487.410,1.709
1789657602.743,1,58,388,8.0,1.304,80.857,-489.125,80.527,-487.410,1.747
1789657602.785,1,58,406,8.0,1.095,82.070,-488.933,82.024,-487.144,1.789
1789657602.828,1,57,405,8.0,1.299,82.343,-488.713,82.024,-487.144,1.601
1789657602.970,1,55,407,8.0,1.331,82.839,-488.615,83.521,-486.878,1.866
1789657603.012,1,65,398,8.0,1.264,85.454,-488.227,85.018,-486.612,1.673
1789657603.054,1,61,406,8.0,1.364,85.960,-488.189,85.018,-486.612,1.837
1789657603.098,1,66,411,8.0,1.346,86.409,-487.984,86.455,-486.356,1.628
1789657603.143,1,58,412,8.0,1.271,87.414,-487.618,86.455,-486.356,1.585
1789657603.191,1,63,428,8.0,1.236,87.948,-487.463,88.132,-486.059,1.416
1789657603.277,1,70,418,8.0,1.238,89.477,-486.956,88.132,-486.059,1.617
1789657603.471,1,71,424,8.0,1.218,92.443,-485.850,91.007,-485.553,1.467
1789657603.568,1,82,396,8.0,1.328,93.819,-485.621,92.384,-485.313,1.467
1789657603.927,1,81,404,8.0,1.292,98.785,-484.666,98.431,-484.277,0.526
1789657604.105,1,87,424,8.0,1.295,101.700,-484.189,101.425,-483.771,0.500
1789657604.169,1,83,407,8.0,1.228,102.519,-484.121,101.425,-483.771,1.149
1789657604.219,1,93,398,8.0,1.27,103.237,-483.906,102.922,-483.519,0.499
1789657604.279,1,97,414,8.0,1.329,103.760,-483.917,104.419,-483.265,0.926
1789657604.400,1,92,409,8.0,1.337,104.727,-483.859,105.855,-483.022,1.405
1789657604.442,1,96,417,8.0,1.339,106.710,-483.743,105.855,-483.022,1.118
1789657604.562,1,100,410,8.0,1.338,107.304,-483.822,107.352,-482.767,1.056
1789657604.604,1,98,429,8.0,1.293,109.339,-483.802,108.848,-482.511,1.382
1789657604.648,1,96,425,8.0,1.311,109.778,-483.668,108.848,-482.511,1.484
1789657604.690,1,95,422,8.0,1.211,110.803,-483.629,110.284,-482.264,1.460
1789657604.731,1,96,419,8.0,1.361,111.403,-483.600,110.284,-482.264,1.742
1789657604.778,1,98,427,8.0,1.288,111.774,-483.583,110.284,-482.264,1.990
1789657604.819,1,91,439,8.0,1.34,112.767,-483.291,112.019,-481.965,1.522
1789657604.859,1,97,405,8.0,1.298,113.362,-483.273,112.019,-481.965,1.875
1789657604.904,1,93,416,8.0,1.364,113.777,-483.299,113.515,-481.705,1.615
1789657604.947,1,96,426,8.0,1.255,114.286,-483.225,113.515,-481.705,1.705
1789657604.990,1,95,423,8.0,1.218,114.816,-483.310,115.010,-481.444,1.875
1789657605.033,1,92,414,8.0,1.331,115.778,-483.222,115.010,-481.444,1.936
1789657605.076,1,97,405,8.0,1.312,116.290,-483.085,115.010,-481.444,2.081
1789657605.118,1,97,427,8.0,1.368,117.244,-483.050,116.445,-481.192,2.022
1789657605.162,1,98,428,8.0,1.328,117.791,-483.077,116.445,-481.192,2.317
1789657605.208,1,88,387,8.0,1.34,118.425,-482.988,117.879,-480.938,2.121
1789657605.259,1,94,410,8.0,1.362,119.405,-482.925,117.879,-480.938,2.505
1789657605.309,1,97,416,8.0,1.353,119.866,-483.036,119.373,-480.671,2.416
1789657605.357,1,94,424,8.0,1.273,120.326,-482.984,119.373,-480.671,2.502
1789657605.400,1,88,417,8.0,1.316,121.380,-482.901,120.806,-480.412,2.555
1789657605.511,1,88,401,8.0,1.269,121.945,-482.853,122.299,-480.138,2.738
1789657605.552,1,99,422,8.0,1.301,123.874,-482.978,122.299,-480.138,3.247
1789657605.593,1,88,410,8.0,1.321,124.446,-483.131,123.792,-479.861,3.335
1789657605.636,1,90,411,8.0,1.336,124.972,-483.092,123.792,-479.861,3.440
1789657605.683,1,92,422,8.0,1.388,125.439,-483.079,125.283,-479.580,3.502
1789657605.725,1,85,406,8.0,1.252,126.440,-483.136,125.283,-479.580,3.739
1789657605.767,1,87,413,8.0,1.338,126.902,-483.086,125.283,-479.580,3.862
1789657605.854,1,89,405,8.0,1.28,127.571,-483.210,126.774,-479.293,3.997
1789657605.895,1,91,406,8.0,1.315,129.020,-483.290,128.263,-479.001,4.355
1789657605.943,1,90,411,8.0,1.389,129.548,-483.368,128.263,-479.001,4.552
1789657605.986,1,83,425,8.0,1.349,130.697,-483.457,129.929,-478.667,4.851
1789657609.486,1,40,385,8.0,1.303,181.250,-468.205,180.619,-463.331,4.915
1789657609.579,1,46,405,8.0,1.174,182.964,-467.649,182.035,-462.793,4.944
1789657609.672,1,48,380,8.0,1.313,184.180,-467.014,182.035,-462.793,4.735
1789657609.875,1,34,402,8.0,1.187,186.851,-466.164,184.750,-461.753,4.886
1789657611.354,1,16,343,8.0,1.199,209.211,-459.828,205.705,-452.897,7.767
1789657613.235,1,9,257,8.0,1.705,235.582,-444.204,231.608,-439.644,6.049
1789657613.342,1,8,260,8.0,1.566,237.068,-442.984,232.667,-439.052,5.902
1789657613.396,1,11,265,8.0,1.249,238.050,-441.155,233.990,-438.310,4.958
1789657613.753,0,7,235,8.0,0.476,241.826,-441.606,238.049,-436.007,6.754
1789657614.725,1,11,208,8.0,1.481,255.131,-432.612,250.983,-428.256,6.015
1789657614.897,1,13,219,8.0,1.477,256.579,-433.524,253.694,-426.546,7.551
1789657615.136,1,12,193,8.0,1.825,260.347,-430.157,256.140,-424.983,6.668
1789657615.361,1,13,173,8.0,1.333,263.743,-428.895,258.625,-423.371,7.531
1789657615.766,0,6,153,8.0,0.56,-119.323,-391.212,263.753,-419.949,384.152
1789657615.861,1,12,147,8.0,1.769,270.272,-425.168,264.949,-419.129,8.050
1789657616.297,0,7,144,8.0,0.796,279.046,-427.256,271.212,-414.697,14.803
1789657617.629,1,14,135,8.0,1.627,291.068,-407.854,286.680,-402.746,6.734
1789657618.387,1,9,209,8.0,1.325,298.474,-400.085,294.856,-396.007,5.452
1789657618.678,1,13,200,8.0,1.382,301.605,-396.544,298.262,-393.144,4.768
1789657618.732,1,13,207,8.0,2.033,301.696,-395.514,299.363,-392.211,4.044
1789657618.897,1,15,199,8.0,1.895,303.947,-393.634,301.561,-390.342,4.065
1789657618.953,1,10,196,8.0,1.071,304.114,-393.128,301.561,-390.342,3.779
1789657619.460,1,10,197,8.0,1.756,308.722,-385.624,307.357,-385.397,1.384
1789657620.519,1,12,248,8.0,1.604,318.129,-375.784,319.944,-374.882,2.027
1789657626.136,1,14,470,8.0,1.157,385.059,-322.631,382.312,-318.542,4.927
1789657626.565,1,14,290,8.0,1.268,390.244,-317.928,386.447,-314.194,5.325
1789657626.657,1,19,294,8.0,1.237,388.473,-315.428,387.472,-313.097,2.537
1789657626.703,1,17,321,8.0,1.267,390.076,-315.603,388.450,-312.039,3.918
1789657626.845,1,18,320,8.0,1.174,393.853,-316.041,389.425,-310.975,6.728
1789657626.950,1,21,296,8.0,1.341,392.893,-315.127,390.595,-309.683,5.910
1789657627.466,1,16,331,8.0,1.376,400.601,-306.819,395.410,-304.143,5.841
1789657629.358,1,25,417,8.0,1.463,418.431,-284.348,412.228,-281.146,6.981
1789657630.193,1,35,420,8.0,1.354,425.026,-275.675,419.350,-269.813,8.159
1789657632.497,1,30,468,8.0,1.857,440.297,-243.459,435.784,-239.368,6.092
1789657632.720,1,41,482,8.0,1.478,441.861,-240.504,437.097,-236.685,6.105
1789657633.474,1,39,437,8.0,1.472,446.310,-230.523,441.494,-227.467,5.704
1789657634.076,1,42,460,8.0,1.569,449.875,-222.521,445.249,-219.271,5.653
1789657634.416,1,41,475,8.0,1.447,452.147,-217.005,447.693,-213.765,5.508
1789657634.500,1,39,451,8.0,1.445,452.321,-216.863,448.242,-212.508,5.967
1789657634.635,1,42,457,8.0,1.476,453.260,-214.116,448.837,-211.140,5.331
1789657634.680,1,13,479,8.0,0.913,456.236,-206.367,448.837,-211.140,8.805
1789657634.768,1,36,454,8.0,1.354,453.962,-212.569,449.545,-209.497,5.380
1789657634.812,1,43,457,8.0,1.41,454.260,-211.895,450.109,-208.181,5.569
1789657635.173,1,18,459,8.0,1.537,457.200,-199.031,451.809,-204.170,7.448
1789657635.215,1,29,458,8.0,1.536,456.093,-205.933,452.340,-202.905,4.823
1789657635.373,1,20,455,8.0,1.473,458.753,-196.350,453.006,-201.308,7.590
1789657635.429,1,34,443,8.0,1.693,456.894,-203.166,453.532,-200.041,4.590
1789657635.485,1,35,455,8.0,1.548,457.588,-202.027,453.532,-200.041,4.516
1789657635.541,1,30,454,8.0,1.313,458.358,-201.059,454.169,-198.497,4.910
1789657635.589,1,27,437,8.0,1.213,458.116,-200.830,454.714,-197.174,4.994
1789657635.640,1,29,452,8.0,1.316,457.982,-200.268,454.714,-197.174,4.500
1789657635.694,1,30,454,8.0,1.615,458.434,-199.078,455.279,-195.796,4.552
1789657635.738,1,29,456,8.0,1.615,458.691,-197.975,455.279,-195.796,4.049
1789657635.810,1,29,453,8.0,1.652,459.104,-197.502,455.843,-194.417,4.489
1789657635.867,1,27,443,8.0,1.617,458.903,-196.667,455.843,-194.417,3.798
1789657635.921,1,30,451,8.0,1.407,459.343,-195.802,456.406,-193.039,4.032
1789657635.968,1,28,441,8.0,1.664,459.869,-190.337,456.406,-193.039,4.392
1789657636.121,1,30,468,8.0,1.792,459.510,-190.268,457.484,-190.393,2.030
1789657636.188,1,33,471,8.0,1.67,460.863,-189.058,457.484,-190.393,3.634
1789657636.240,1,31,455,8.0,1.739,460.554,-188.941,458.021,-189.070,2.536
1789657636.292,1,33,447,8.0,1.795,461.361,-187.927,458.021,-189.070,3.530
1789657636.337,1,38,466,8.0,1.694,461.093,-186.871,458.559,-187.748,2.682
1789657636.409,1,41,464,8.0,1.62,461.532,-186.321,459.208,-186.150,2.330
1789657636.460,1,38,467,8.0,1.738,462.723,-184.582,459.208,-186.150,3.849
1789657636.511,1,42,440,8.0,1.836,462.805,-184.213,459.745,-184.827,3.121
1789657636.563,1,44,461,8.0,1.665,462.557,-183.716,459.745,-184.827,3.024
1789657636.627,1,43,449,8.0,1.692,462.598,-183.171,460.305,-183.450,2.310
1789657636.668,1,43,457,8.0,1.698,463.398,-182.527,460.305,-183.450,3.228
1789657636.724,1,42,452,8.0,1.692,463.402,-182.298,460.865,-182.073,2.547
1789657636.765,1,43,458,8.0,1.502,463.843,-181.160,460.865,-182.073,3.115
1789657636.831,1,42,474,8.0,1.579,463.753,-180.923,461.381,-180.806,2.375
1789657636.882,1,45,480,8.0,1.573,463.720,-179.841,461.381,-180.806,2.530
1789657636.928,1,48,464,8.0,1.581,464.379,-178.844,462.011,-179.264,2.405
1789657637.048,1,48,449,8.0,1.743,464.431,-178.002,462.528,-177.999,1.903
1789657637.110,1,42,458,8.0,1.578,465.108,-176.612,463.092,-176.623,2.016
1789657637.170,1,49,472,8.0,1.77,465.414,-175.678,463.092,-176.623,2.507
1789657637.216,1,43,452,8.0,1.421,465.115,-174.638,463.634,-175.303,1.623
1789657637.260,1,49,466,8.0,1.494,464.951,-174.555,463.634,-175.303,1.514
1789657637.301,1,51,457,8.0,1.66,465.902,-173.414,464.268,-173.764,1.671
1789657637.341,1,58,469,8.0,1.686,465.986,-172.897,464.268,-173.764,1.924
1789657637.388,1,55,472,8.0,1.659,466.241,-172.559,464.268,-173.764,2.312
1789657637.435,1,53,463,8.0,1.572,466.508,-171.970,464.812,-172.444,1.761
1789657637.488,1,57,471,8.0,1.63,466.734,-171.578,464.812,-172.444,2.109
1789657637.532,1,55,471,8.0,1.562,467.014,-170.529,465.334,-171.180,1.802
1789657637.578,1,56,467,8.0,1.661,467.171,-169.911,465.334,-171.180,2.233
1789657637.622,1,65,465,8.0,1.638,467.334,-169.211,465.879,-169.862,1.594
1789657637.666,1,61,468,8.0,1.674,467.484,-168.885,465.879,-169.862,1.879
1789657637.711,1,63,468,8.0,1.576,467.851,-167.896,466.448,-168.489,1.523
1789657637.755,1,62,452,8.0,1.612,468.104,-167.482,466.448,-168.489,1.939
1789657637.885,1,67,452,8.0,1.607,468.659,-167.264,467.017,-167.116,1.649
1789657637.929,1,66,468,8.0,1.591,469.171,-164.691,467.586,-165.744,1.903
1789657637.974,1,67,465,8.0,1.866,469.135,-164.564,467.586,-165.744,1.948
1789657638.018,1,64,451,8.0,1.651,469.701,-163.717,468.224,-164.209,1.556
1789657638.065,1,63,462,8.0,1.63,469.967,-163.345,468.224,-164.209,1.945
1789657638.121,1,64,471,8.0,1.614,470.146,-162.699,468.794,-162.838,1.359
1789657638.166,1,65,466,8.0,1.658,470.375,-161.818,468.794,-162.838,1.881
1789657638.228,1,72,464,8.0,1.676,470.706,-161.399,469.364,-161.468,1.344
1789657638.272,1,72,460,8.0,1.553,471.116,-160.271,469.364,-161.468,2.121
1789657638.316,1,76,461,8.0,1.716,471.420,-159.916,469.934,-160.098,1.497
1789657638.373,1,68,462,8.0,1.605,471.725,-159.516,469.934,-160.098,1.883
1789657638.416,1,72,467,8.0,1.511,472.151,-158.479,470.481,-158.783,1.697
1789657638.470,1,78,476,8.0,1.685,472.733,-157.844,470.481,-158.783,2.440
1789657638.516,1,76,475,8.0,1.55,472.632,-157.605,471.051,-157.413,1.593
1789657638.572,1,74,469,8.0,1.552,473.010,-156.787,471.051,-157.413,2.057
1789657638.622,1,77,461,8.0,1.591,473.661,-156.147,471.619,-156.043,2.044
1789657638.666,1,71,444,8.0,1.526,473.582,-155.745,471.619,-156.043,1.985
1789657638.718,1,72,469,8.0,1.615,474.036,-154.892,472.232,-154.563,1.833
1789657638.776,1,76,463,8.0,1.643,474.362,-154.417,472.232,-154.563,2.134
1789657638.826,1,74,467,8.0,1.517,474.785,-153.689,472.799,-153.191,2.047
1789657638.873,1,79,448,8.0,1.632,475.217,-152.943,472.799,-153.191,2.432
1789657638.920,1,79,466,8.0,1.641,475.479,-152.515,473.341,-151.874,2.232
1789657638.968,1,85,463,8.0,1.585,475.859,-152.058,473.341,-151.874,2.525
1789657639.010,1,87,477,8.0,1.446,476.206,-151.223,473.881,-150.556,2.419
1789657639.050,1,87,504,8.0,1.552,476.644,-150.916,473.881,-150.556,2.786
1789657639.091,1,85,486,8.0,1.567,477.136,-149.992,473.881,-150.556,3.304
1789657639.192,1,93,491,8.0,1.647,477.406,-149.642,474.419,-149.237,3.014
1789657639.241,1,87,477,8.0,1.484,478.176,-148.374,474.976,-147.861,3.241
1789657639.285,1,88,475,8.0,1.595,478.738,-147.712,474.976,-147.861,3.765
1789657639.371,1,15,486,8.0,1.819,480.365,-145.417,475.508,-146.540,4.986
1789657639.415,1,13,481,8.0,1.721,479.434,-144.362,476.124,-144.996,3.370
1789657639.457,1,90,498,8.0,1.56,479.976,-145.910,476.124,-144.996,3.959
1789657639.498,1,96,500,8.0,1.583,480.615,-145.344,476.669,-143.615,4.308
1789657639.539,1,10,493,8.0,0.84,483.371,-146.897,476.669,-143.615,7.463
1789657639.589,1,11,493,8.0,1.457,479.583,-143.504,476.669,-143.615,2.916
1789657639.633,1,15,508,8.0,1.982,482.504,-141.177,477.144,-142.398,5.498
1789657639.769,1,12,489,8.0,1.157,479.906,-142.871,477.679,-141.013,2.901
1789657639.817,1,12,503,8.0,1.189,484.189,-137.160,478.207,-139.625,6.469
1789657639.909,1,14,495,8.0,1.744,483.551,-138.409,478.729,-138.234,4.825
1789657640.142,1,10,498,8.0,0.715,487.273,-134.707,479.747,-135.441,7.561
1789657640.242,1,11,507,8.0,1.26,484.783,-127.791,480.302,-133.871,7.553
1789657640.585,1,10,485,8.0,1.531,488.518,-122.826,481.708,-129.700,9.676
1789657640.886,1,9,501,8.0,1.073,493.940,-121.084,483.024,-125.499,11.775
1789657664.512,1,26,682,8.0,1.425,452.805,222.367,447.706,221.189,5.234
1789657664.601,1,18,569,8.0,1.827,451.689,226.039,447.153,222.518,5.742
1789657664.738,1,26,591,8.0,1.582,452.939,227.277,446.576,223.901,7.203
1789657664.786,1,22,601,8.0,1.434,452.590,225.184,446.021,225.228,6.569
1789657664.883,1,24,611,8.0,1.633,452.644,226.778,445.438,226.609,7.208
1789657664.928,1,26,602,8.0,1.46,451.804,228.606,445.438,226.609,6.672
1789657669.250,0,6,634,8.0,0.828,989.371,361.253,403.947,275.679,591.646
1789657669.302,1,66,637,8.0,1.64,406.960,276.876,402.844,276.697,4.120
1789657669.360,1,67,680,8.0,1.621,406.556,276.937,402.844,276.697,3.719
1789657672.413,1,32,631,8.0,1.344,370.358,306.175,371.901,311.530,5.572
1789657672.853,1,29,583,8.0,1.588,366.383,310.998,368.387,316.096,5.478
1789657672.914,1,32,599,8.0,1.446,364.912,312.417,367.336,317.483,5.616
1789657673.164,1,33,575,8.0,1.52,361.874,314.845,365.620,319.796,6.209
1789657681.649,1,49,287,8.0,1.697,294.390,425.923,289.745,421.146,6.663
1789657681.835,1,43,236,8.0,1.684,290.731,426.922,287.287,422.818,5.357
1789657681.968,1,36,236,8.0,1.553,289.010,427.669,286.129,423.597,4.988
1789657682.012,1,37,223,8.0,1.612,287.925,428.493,284.868,424.439,5.077
1789657682.103,1,38,231,8.0,1.543,288.639,431.157,283.394,425.405,7.784
1789657682.150,1,37,226,8.0,1.674,286.716,430.262,283.394,425.405,5.884
1789657684.339,1,23,229,8.0,1.597,255.857,448.772,252.088,436.952,12.406
1789657684.377,1,24,218,8.0,1.87,253.350,448.700,252.088,436.952,11.816
1789657684.756,1,21,208,8.0,1.558,248.559,443.828,246.144,438.197,6.127
1789657684.798,1,21,200,8.0,1.776,247.570,443.635,244.426,438.556,5.974
1789657684.837,1,20,186,8.0,1.448,246.832,443.266,244.426,438.556,5.288
1789657684.878,1,22,198,8.0,1.442,246.219,443.207,244.426,438.556,4.984
1789657684.998,1,18,198,8.0,1.481,246.313,443.653,241.525,439.158,6.567
1789657685.120,1,21,203,8.0,1.483,243.095,442.902,240.045,439.462,4.597
1789657685.171,1,21,200,8.0,1.299,242.696,442.903,240.045,439.462,4.343
1789657685.211,1,22,209,8.0,1.526,241.819,442.547,238.684,439.741,4.208
1789657685.253,1,21,216,8.0,1.419,241.036,442.681,238.684,439.741,3.765
1789657685.296,1,16,205,8.0,1.031,239.606,441.965,237.204,440.045,3.075
1789657685.337,1,18,204,8.0,1.465,240.202,442.734,237.204,440.045,4.027
1789657685.379,1,19,194,8.0,1.515,239.471,442.572,237.204,440.045,3.394
1789657685.461,1,19,195,8.0,1.51,237.872,441.536,235.783,440.339,2.408
1789657685.545,1,18,197,8.0,1.637,237.710,442.030,234.066,440.696,3.881
1789657685.666,1,15,204,8.0,1.517,235.354,441.404,232.586,441.008,2.795
1789657685.712,1,16,202,8.0,1.692,235.111,441.008,231.166,441.313,3.957
1789657685.751,1,14,194,8.0,1.237,233.275,439.869,231.166,441.313,2.556
1789657685.848,1,15,203,8.0,1.3,232.202,439.247,229.748,441.626,3.418
1789657685.928,1,15,199,8.0,1.603,231.172,439.123,228.330,441.947,4.006
1789657685.966,1,13,190,8.0,1.239,230.047,438.681,228.330,441.947,3.690
1789657686.124,1,15,192,8.0,1.658,228.529,438.340,225.382,442.647,5.335
1789657687.329,1,9,226,8.0,1.238,198.360,426.016,208.036,447.989,24.009
1789657688.747,1,24,254,8.0,1.21,185.721,449.501,188.305,456.155,7.138
1789657688.838,1,24,255,8.0,1.503,183.987,450.240,186.984,456.761,7.177
1789657688.878,1,25,265,8.0,1.145,183.683,451.592,186.984,456.761,6.133
1789657688.924,1,23,257,8.0,1.249,183.047,451.240,185.608,457.394,6.666
1789657688.965,1,27,256,8.0,1.248,183.671,452.646,185.608,457.394,5.128
1789657689.053,1,30,275,8.0,1.421,181.440,453.939,184.234,458.029,4.953
1789657689.095,1,30,260,8.0,1.407,181.193,454.138,182.915,458.639,4.819
1789657689.137,1,29,265,8.0,1.453,181.057,454.575,182.915,458.639,4.468
1789657689.180,1,31,249,8.0,1.618,180.259,454.961,182.915,458.639,4.537
1789657689.264,1,31,245,8.0,1.425,178.924,455.132,181.543,459.276,4.902
1789657689.390,1,31,240,8.0,1.372,177.944,455.160,180.174,459.919,5.256
1789657691.157,1,50,290,8.0,1.673,154.488,469.875,156.547,473.177,3.892
1789657692.496,1,35,337,8.0,1.492,141.829,487.241,139.505,482.920,4.906
1789657692.628,1,37,335,8.0,1.537,140.102,487.855,136.899,484.277,4.802
1789657692.698,1,41,351,8.0,1.464,139.948,489.068,136.899,484.277,5.679
1789657692.761,1,35,341,8.0,1.451,139.056,489.824,135.563,484.956,5.992
1789657692.862,1,41,333,8.0,1.512,137.886,490.608,134.277,485.600,6.173
1789657692.918,1,42,354,8.0,1.554,136.786,492.019,132.985,486.235,6.921
1789657692.971,1,43,345,8.0,1.67,136.087,492.847,132.985,486.235,7.304
1789657696.315,1,49,431,8.0,1.607,85.032,498.560,84.281,494.908,3.729
1789657696.374,1,47,429,8.0,1.534,83.739,498.195,82.788,494.959,3.373
1789657696.427,1,43,434,8.0,1.443,82.970,497.725,81.355,495.008,3.160
1789657696.484,1,50,411,8.0,1.662,82.697,497.448,81.355,495.008,2.785
1789657696.550,1,47,424,8.0,1.735,81.140,497.005,79.921,495.058,2.297
1789657696.606,1,48,446,8.0,1.727,79.819,496.570,79.921,495.058,1.515
1789657696.661,1,52,431,8.0,1.811,79.613,496.275,78.428,495.110,1.662
1789657696.716,1,46,426,8.0,1.609,78.551,496.256,78.428,495.110,1.152
1789657696.772,1,45,433,8.0,1.597,77.890,496.397,77.054,495.158,1.495
1789657696.828,1,49,422,8.0,1.554,77.284,496.348,75.321,495.216,2.266
1789657696.879,1,41,425,8.0,1.414,76.198,496.306,75.321,495.216,1.399
1789657696.938,1,48,424,8.0,1.744,75.852,496.357,73.946,495.260,2.199
1789657696.992,1,48,415,8.0,1.701,75.016,496.593,73.946,495.260,1.709
1789657697.051,1,39,419,8.0,1.878,72.945,496.149,72.451,495.305,0.978
1789657697.120,1,41,436,8.0,1.39,72.278,496.496,71.076,495.345,1.664
1789657697.179,1,43,431,8.0,1.827,71.593,496.234,71.076,495.345,1.028
1789657697.238,1,42,417,8.0,1.708,70.433,496.512,69.401,495.392,1.523
1789657697.295,1,41,426,8.0,1.909,69.670,496.165,69.401,495.392,0.818
1789657697.345,1,40,429,8.0,1.888,68.599,496.168,67.966,495.431,0.972
1789657697.402,1,42,411,8.0,1.682,68.537,496.465,67.966,495.431,1.181
1789657697.457,1,40,436,8.0,1.65,67.211,496.203,66.591,495.467,0.962
1789657697.516,1,37,418,8.0,1.339,66.151,496.342,66.591,495.467,0.979
1789657697.571,1,40,443,8.0,1.758,64.873,495.850,65.095,495.505,0.410
1789657697.626,1,43,446,8.0,1.482,65.023,496.657,63.361,495.550,1.997
1789657697.678,1,47,445,8.0,1.729,63.778,495.812,63.361,495.550,0.492
1789657697.806,1,44,442,8.0,1.663,63.150,495.813,61.866,495.589,1.304
1789657697.955,1,46,435,8.0,1.73,60.834,495.556,59.116,495.662,1.721
1789657698.011,1,47,424,8.0,1.759,59.111,495.071,59.116,495.662,0.591
1789657698.136,1,43,421,8.0,1.843,57.750,494.737,56.008,495.748,2.015
1789657698.193,1,43,411,8.0,1.689,56.274,494.784,56.008,495.748,1.000
1789657698.345,1,45,423,8.0,1.683,53.284,494.337,53.140,495.833,1.503
1789657698.495,1,45,411,8.0,1.596,51.922,494.428,51.468,495.885,1.526
1789657700.585,1,45,425,8.0,1.684,19.082,497.418,20.178,496.966,1.186
1789657700.805,1,54,389,8.0,1.675,15.498,497.418,17.144,497.031,1.691
1789657700.995,1,48,356,8.0,1.637,13.388,497.673,14.290,497.080,1.079
1789657701.047,1,51,381,8.0,1.672,12.907,498.038,12.863,497.100,0.938
1789657701.094,1,54,350,8.0,1.725,11.838,498.332,12.863,497.100,1.602
1789657701.142,1,48,348,8.0,1.601,10.698,497.716,11.437,497.118,0.951
1789657701.318,1,50,370,8.0,1.552,10.059,498.436,9.952,497.133,1.308
1789657701.448,1,47,358,8.0,1.471,8.780,498.606,6.744,497.155,2.499
1789657701.491,1,51,366,8.0,1.393,5.953,498.048,6.744,497.155,1.192
1789657701.537,1,53,366,8.0,1.69,5.459,498.343,5.319,497.162,1.190
1789657701.581,1,51,365,8.0,1.671,4.780,498.179,5.319,497.162,1.152
1789657701.621,1,44,359,8.0,1.661,4.163,498.391,5.319,497.162,1.688
1789657701.665,1,53,346,8.0,1.458,3.421,498.255,3.895,497.166,1.187
1789657701.701,1,42,356,8.0,1.542,2.858,498.344,3.895,497.166,1.570
1789657701.742,1,47,346,8.0,1.528,2.717,498.466,2.471,497.168,1.321
1789657701.780,1,47,347,8.0,1.561,2.184,498.503,2.471,497.168,1.366
1789657701.819,1,50,351,8.0,1.668,1.554,498.266,2.471,497.168,1.431
1789657701.900,1,55,345,8.0,1.592,-0.067,498.267,0.810,497.167,1.407
1789657701.939,1,54,328,8.0,1.683,-0.476,498.395,-0.673,497.164,1.246
1789657701.980,1,49,326,8.0,1.663,-0.788,498.354,-0.673,497.164,1.195
1789657702.017,1,51,344,8.0,1.692,-1.510,498.412,-0.673,497.164,1.503
1789657702.057,1,54,356,8.0,1.511,-1.996,498.740,-2.096,497.159,1.584
1789657702.103,1,53,337,8.0,1.597,-2.431,498.618,-2.096,497.159,1.497
1789657702.150,1,52,335,8.0,1.582,-2.899,498.390,-3.460,497.152,1.359
1789657702.197,1,48,357,8.0,1.608,-3.820,498.679,-3.460,497.152,1.569
1789657702.243,1,45,335,8.0,1.602,-4.825,498.586,-5.121,497.141,1.474
1789657702.320,1,47,326,8.0,1.578,-5.483,498.666,-5.121,497.141,1.567
1789657702.406,1,54,332,8.0,1.48,-6.172,498.675,-6.603,497.129,1.605
1789657702.445,1,41,332,8.0,1.629,-7.710,498.405,-7.967,497.115,1.315
1789657702.527,1,46,319,8.0,1.507,-8.806,498.510,-7.967,497.115,1.628
1789657702.625,1,51,334,8.0,1.55,-9.325,498.656,-9.390,497.099,1.559
1789657702.662,1,56,331,8.0,1.63,-10.564,498.592,-10.813,497.080,1.533
1789657702.703,1,54,328,8.0,1.714,-11.454,498.746,-10.813,497.080,1.785
1789657702.742,1,55,330,8.0,1.648,-11.584,498.897,-12.532,497.053,2.073
1789657702.780,1,50,340,8.0,1.689,-12.796,498.790,-12.532,497.053,1.756
1789657702.873,1,50,323,8.0,1.753,-13.416,498.652,-13.955,497.028,1.711
1789657702.915,1,52,343,8.0,1.8,-14.892,498.894,-13.955,497.028,2.088
1789657702.953,1,55,332,8.0,1.577,-14.791,498.872,-15.378,496.999,1.963
1789657702.993,1,56,329,8.0,1.687,-15.339,499.169,-15.378,496.999,2.170
1789657703.038,1,54,331,8.0,1.596,-15.707,499.061,-16.800,496.968,2.362
1789657703.141,1,49,328,8.0,1.531,-16.547,499.020,-18.460,496.926,2.836
1789657703.183,1,45,336,8.0,1.74,-18.859,499.011,-18.460,496.926,2.122
1789657703.222,1,51,337,8.0,1.667,-19.475,499.035,-18.460,496.926,2.341
1789657703.261,1,51,339,8.0,1.694,-19.428,499.469,-19.942,496.884,2.635
1789657703.300,1,48,344,8.0,1.617,-20.166,499.437,-19.942,496.884,2.563
1789657703.341,1,51,349,8.0,1.76,-20.654,499.281,-21.424,496.838,2.561
1789657703.380,1,49,339,8.0,1.62,-21.174,499.867,-21.424,496.838,3.038
1789657703.426,1,49,344,8.0,1.594,-22.039,499.512,-21.424,496.838,2.744
1789657703.465,1,48,335,8.0,1.6,-21.936,499.585,-22.905,496.788,2.960
1789657703.505,1,52,344,8.0,1.587,-23.297,499.456,-22.905,496.788,2.696
1789657703.545,1,47,345,8.0,1.649,-24.032,499.733,-24.268,496.737,3.005
1789657703.601,1,53,354,8.0,1.806,-24.508,499.705,-24.268,496.737,2.977
1789657703.700,1,47,345,8.0,1.657,-25.043,500.124,-25.750,496.678,3.518
1789657703.741,1,46,373,8.0,1.672,-26.449,499.889,-27.172,496.615,3.352
1789657703.783,1,48,373,8.0,1.695,-27.767,499.687,-27.172,496.615,3.129
1789657703.823,1,49,373,8.0,1.8,-27.390,500.418,-27.172,496.615,3.809
1789657703.865,1,44,340,8.0,1.673,-28.393,500.169,-28.653,496.545,3.633
1789657703.907,1,47,372,8.0,1.587,-28.683,500.702,-28.653,496.545,4.157
1789657703.948,1,51,345,8.0,1.679,-29.857,500.453,-30.074,496.472,3.987
1789657703.991,1,48,354,8.0,1.757,-30.488,500.239,-30.074,496.472,3.790
1789657704.034,1,42,351,8.0,1.655,-30.899,500.478,-31.555,496.389,4.141
1789657704.075,1,46,358,8.0,1.568,-31.004,501.095,-31.555,496.389,4.738
1789657704.163,1,47,369,8.0,1.673,-32.647,500.727,-33.271,496.285,4.486
1789657704.459,1,52,338,8.0,1.655,-36.588,502.115,-37.705,495.973,6.243
1789657706.302,1,36,326,8.0,1.745,-63.607,498.652,-63.922,492.679,5.981
1789657706.643,1,38,338,8.0,1.827,-69.476,497.640,-69.830,491.646,6.004
1789657706.701,1,33,351,8.0,1.727,-70.566,496.559,-69.830,491.646,4.967
1789657706.761,1,34,333,8.0,1.49,-71.025,499.314,-71.465,491.346,7.980
1789657706.949,1,34,334,8.0,1.647,-72.640,496.894,-74.380,490.795,6.343
1789657706.999,1,33,347,8.0,1.79,-74.659,495.342,-74.380,490.795,4.557
1789657707.052,1,33,346,8.0,1.821,-75.587,495.137,-75.778,490.523,4.618
1789657707.106,1,36,356,8.0,1.619,-76.154,495.593,-75.778,490.523,5.084
1789657707.183,1,39,363,8.0,1.59,-76.443,495.642,-77.175,490.246,5.446
1789657707.244,1,32,353,8.0,1.725,-78.371,495.191,-78.571,489.963,5.231
1789657707.350,1,30,362,8.0,1.711,-79.975,494.652,-80.198,489.627,5.030
1789657707.397,1,39,365,8.0,1.542,-80.358,495.014,-80.198,489.627,5.390
1789657707.449,1,34,328,8.0,1.415,-81.021,494.957,-81.533,489.344,5.636
1789657707.563,1,34,342,8.0,1.576,-83.585,494.866,-82.983,489.031,5.866
1789657707.625,1,32,363,8.0,1.754,-84.011,494.605,-82.983,489.031,5.669
1789657707.795,1,29,342,8.0,1.751,-86.821,494.028,-86.052,488.347,5.733
1789657707.926,1,35,366,8.0,1.678,-87.298,493.902,-87.208,488.081,5.821
1789657708.900,1,28,334,8.0,1.626,-101.436,489.839,-101.806,484.393,5.459
1789657709.291,1,27,316,8.0,1.587,-108.462,487.444,-107.518,482.790,4.749
1789657709.885,1,34,324,8.0,1.476,-115.938,485.051,-115.823,480.319,4.734
1789657709.973,1,33,325,8.0,1.637,-117.043,484.592,-117.241,479.882,4.715
1789657710.188,1,35,327,8.0,1.515,-120.937,482.863,-120.300,478.926,3.988
1789657710.233,1,29,316,8.0,1.534,-120.852,482.953,-120.300,478.926,4.065
1789657710.395,1,36,303,8.0,1.556,-123.382,481.891,-123.014,478.063,3.846
1789657710.437,1,35,293,8.0,1.713,-124.279,481.184,-123.014,478.063,3.367
1789657710.485,1,33,318,8.0,1.757,-124.687,480.707,-124.426,477.610,3.108
1789657710.539,1,38,330,8.0,1.815,-125.375,480.301,-124.426,477.610,2.854
1789657710.619,1,34,327,8.0,1.688,-126.484,479.916,-125.780,477.173,2.832
1789657710.794,1,35,328,8.0,1.627,-128.755,478.007,-128.769,476.205,1.803
1789657710.867,1,35,336,8.0,1.603,-129.599,477.707,-130.121,475.767,2.009
1789657710.928,1,36,323,8.0,1.555,-130.565,476.741,-130.121,475.767,1.070
1789657710.990,1,40,337,8.0,1.618,-131.674,475.807,-131.416,475.350,0.525
1789657711.045,1,38,341,8.0,1.489,-131.801,475.561,-132.768,474.917,1.162
1789657711.096,1,37,335,8.0,1.44,-133.252,474.341,-132.768,474.917,0.752
1789657711.150,1,37,353,8.0,1.587,-133.165,474.397,-134.346,474.416,1.181
1789657711.205,1,50,344,8.0,1.629,-134.226,473.475,-134.346,474.416,0.948
1789657711.257,1,47,346,8.0,1.639,-134.774,472.755,-135.698,473.991,1.543
1789657713.328,1,60,363,8.0,1.495,-164.142,465.995,-164.085,466.358,0.367
1789657713.426,1,63,376,8.0,1.449,-165.071,466.357,-165.512,465.990,0.574
1789657713.534,1,59,380,8.0,1.577,-166.752,466.041,-166.938,465.619,0.461
1789657713.594,1,67,390,8.0,1.672,-168.104,466.435,-168.306,465.260,1.192
1789657713.643,1,65,395,8.0,1.448,-169.194,466.187,-169.958,464.822,1.564
1789657713.697,1,56,389,8.0,1.466,-169.548,466.327,-169.958,464.822,1.560
1789657713.750,1,62,379,8.0,1.516,-170.713,466.075,-171.268,464.472,1.696
1789657713.807,1,53,380,8.0,1.51,-171.712,465.846,-171.268,464.472,1.444
1789657713.867,1,55,379,8.0,1.424,-172.495,465.451,-172.633,464.105,1.353
1789657713.927,1,58,391,8.0,1.435,-172.977,465.289,-172.633,464.105,1.233
1789657713.981,1,55,384,8.0,1.494,-174.316,465.037,-174.054,463.720,1.343
1789657714.035,1,63,384,8.0,1.453,-174.896,464.949,-174.054,463.720,1.489
1789657714.093,1,59,366,8.0,1.433,-175.881,464.771,-175.417,463.350,1.495
1789657714.144,1,65,393,8.0,1.435,-176.481,464.437,-177.063,462.900,1.643
1789657714.202,1,64,381,8.0,1.526,-176.932,464.347,-177.063,462.900,1.453
1789657714.261,1,66,385,8.0,1.504,-178.301,463.845,-178.480,462.512,1.345
1789657714.316,1,59,379,8.0,1.611,-178.899,463.678,-178.480,462.512,1.240
1789657714.373,1,60,364,8.0,1.708,-179.899,463.504,-179.897,462.122,1.383
1789657714.427,1,61,387,8.0,1.644,-180.605,462.936,-179.897,462.122,1.079
1789657714.480,1,67,389,8.0,1.569,-181.198,462.873,-181.199,461.762,1.111
1789657714.532,1,62,382,8.0,1.519,-182.104,462.348,-181.199,461.762,1.078
1789657714.588,1,63,390,8.0,1.463,-182.544,462.264,-182.556,461.385,0.879
1789657714.629,1,60,350,8.0,1.526,-183.521,462.154,-182.556,461.385,1.234
1789657714.675,1,60,349,8.0,1.471,-184.298,462.175,-184.194,460.927,1.252
1789657714.725,1,59,328,8.0,1.416,-185.177,461.775,-184.194,460.927,1.299
1789657714.775,1,63,327,8.0,1.611,-185.592,461.919,-185.548,460.546,1.373
1789657714.817,1,62,335,8.0,1.553,-186.406,461.594,-185.548,460.546,1.354
1789657714.865,1,67,348,8.0,1.565,-186.908,461.616,-186.901,460.162,1.454
1789657714.913,1,57,340,8.0,1.525,-187.317,461.658,-186.901,460.162,1.553
1789657714.958,1,65,341,8.0,1.546,-188.244,461.441,-188.252,459.776,1.665
1789657715.010,1,64,339,8.0,1.491,-188.875,461.350,-188.252,459.776,1.692
1789657715.077,1,61,338,8.0,1.604,-189.682,461.274,-189.828,459.322,1.958
1789657715.118,1,62,326,8.0,1.634,-190.804,461.034,-189.828,459.322,1.972
1789657715.167,1,57,338,8.0,1.392,-191.165,460.993,-190.952,458.994,2.011
1789657715.211,1,55,330,8.0,1.498,-191.628,461.001,-190.952,458.994,2.118
1789657715.253,1,59,333,8.0,1.74,-192.563,461.027,-192.637,458.498,2.530
1789657715.299,1,51,336,8.0,1.622,-192.863,460.955,-192.637,458.498,2.468
1789657715.343,1,54,325,8.0,1.52,-193.488,460.389,-193.984,458.097,2.345
1789657715.385,1,60,339,8.0,1.578,-194.588,460.608,-193.984,458.097,2.583
1789657715.504,1,55,334,8.0,1.734,-194.774,460.570,-195.329,457.691,2.932
1789657715.548,1,52,317,8.0,1.627,-196.678,460.494,-196.729,457.262,3.232
1789657715.593,1,52,300,8.0,1.677,-197.397,460.618,-196.729,457.262,3.421
1789657718.681,1,29,378,8.0,1.612,-239.609,445.361,-239.049,440.525,4.869
1789657718.945,1,14,323,8.0,1.102,-246.298,443.052,-242.854,438.694,5.555
1789657719.608,1,31,335,8.0,1.413,-252.153,440.489,-250.658,434.762,5.918
1789657720.115,1,20,330,8.0,1.188,-258.799,439.393,-257.329,431.163,8.361
1789657721.291,1,13,379,8.0,1.237,-275.567,431.536,-272.374,422.063,9.997
1789657723.970,1,60,357,8.0,1.458,-305.621,400.261,-304.338,398.347,2.304
1789657724.023,1,66,362,8.0,1.58,-306.223,398.807,-304.338,398.347,1.941
1789657724.078,1,61,337,8.0,1.468,-306.439,398.176,-305.445,397.462,1.224
1789657724.135,1,63,348,8.0,1.427,-307.664,397.798,-305.445,397.462,2.244
1789657724.190,1,68,363,8.0,1.423,-308.075,397.388,-306.736,396.429,1.647
1789657724.241,1,61,345,8.0,1.556,-308.149,396.591,-307.889,395.505,1.117
1789657724.369,1,60,351,8.0,1.472,-309.018,395.924,-309.040,394.580,1.344
1789657724.417,1,65,345,8.0,1.626,-310.836,395.510,-309.040,394.580,2.022
1789657724.463,1,67,352,8.0,1.407,-311.420,394.384,-310.191,393.653,1.430
1789657724.513,1,67,353,8.0,1.547,-311.571,394.745,-310.191,393.653,1.760
1789657724.624,1,64,356,8.0,1.677,-313.125,393.917,-311.294,392.760,2.166
1789657731.964,1,28,469,8.0,1.611,-392.947,315.875,-390.667,317.377,2.730
1789657732.411,1,8,349,8.0,0.61,-401.196,312.875,-394.824,312.789,6.373
1789657732.710,1,12,351,8.0,1.642,-400.380,311.149,-397.776,309.438,3.116
1789657734.015,1,12,336,8.0,1.679,-414.646,295.146,-409.554,294.344,5.155
1789657736.534,1,29,392,8.0,1.68,-431.842,263.444,-429.263,262.421,2.775
1789657736.816,1,28,374,8.0,1.475,-433.524,260.421,-431.442,258.582,2.778
1789657736.952,1,31,361,8.0,1.519,-433.950,258.375,-432.820,256.140,2.504
1789657738.642,1,11,353,8.0,0.742,-442.191,242.734,-444.573,233.665,9.376
1789657739.446,1,8,359,8.0,0.891,-444.410,233.547,-449.742,222.917,11.892
1789657739.636,1,10,363,8.0,1.4,-442.701,237.755,-450.478,221.354,18.151
1789657739.680,1,8,358,8.0,0.905,-443.990,233.705,-451.059,220.113,15.320
1789657740.475,0,7,358,8.0,0.775,-453.769,215.189,-456.146,209.121,6.517
1789657741.936,1,61,362,8.0,1.622,-465.416,190.856,-464.799,190.240,0.872
1789657752.184,0,5,551,8.0,0.142,-845.090,624.982,-510.908,43.364,670.788
1789657772.203,0,6,611,8.0,0.526,-810.941,-65.006,-479.577,-257.422,383.179
1789657795.559,1,10,689,8.0,0.755,-276.387,-556.826,-275.465,-550.227,6.663
1789657795.648,1,14,438,8.0,1.352,-274.403,-551.585,-274.288,-551.146,0.454
1789657795.847,1,12,427,8.0,1.327,-271.262,-553.779,-271.734,-553.130,0.802
1789657796.000,1,33,410,8.0,1.679,-273.597,-562.073,-270.694,-553.921,8.653
1789657796.046,1,26,430,8.0,1.545,-274.761,-562.772,-269.348,-554.912,9.543
1789657796.096,1,15,418,8.0,1.395,-276.400,-567.291,-269.348,-554.912,14.247
1789657800.336,1,47,342,8.0,1.288,-207.826,-545.733,-212.331,-538.999,8.102
1789657800.389,1,55,337,8.0,1.333,-207.555,-544.964,-211.176,-538.102,7.758
1789657800.438,1,44,342,8.0,1.266,-207.194,-543.810,-211.176,-538.102,6.959
1789657800.486,1,47,352,8.0,1.432,-207.478,-543.279,-210.067,-537.246,6.565
1789657800.526,1,47,334,8.0,1.37,-207.133,-542.358,-210.067,-537.246,5.894
1789657800.578,1,46,345,8.0,1.427,-206.970,-541.664,-208.907,-536.356,5.650
1789657800.630,1,56,340,8.0,1.299,-206.478,-540.564,-208.907,-536.356,4.858
